{
	"1": {
		"note_uid": "s030902",
		"time": 4.3100000000000005,
		"level": 1,
		"id": 1
	},
	"2": {
		"note_uid": "s001102",
		"time": 4.78,
		"level": 1,
		"id": 2
	},
	"3": {
		"note_uid": "s030902",
		"time": 5.24,
		"level": 1,
		"id": 3
	},
	"4": {
		"note_uid": "s001102",
		"time": 5.71,
		"level": 1,
		"id": 4
	},
	"5": {
		"note_uid": "s030902",
		"time": 6.180000000000001,
		"level": 1,
		"id": 5
	},
	"6": {
		"note_uid": "s001102",
		"time": 6.65,
		"level": 1,
		"id": 6
	},
	"7": {
		"note_uid": "s030703",
		"time": 7.12,
		"level": 1,
		"id": 7
	},
	"8": {
		"note_uid": "s030702",
		"time": 8.059999999999999,
		"level": 1,
		"id": 8
	},
	"9": {
		"note_uid": "s030702",
		"time": 8.29,
		"level": 1,
		"id": 9
	},
	"10": {
		"note_uid": "s030902",
		"time": 8.53,
		"level": 1,
		"id": 10
	},
	"11": {
		"note_uid": "s030702",
		"time": 8.76,
		"level": 1,
		"id": 11
	},
	"12": {
		"note_uid": "s030702",
		"time": 8.989999999999998,
		"level": 1,
		"id": 12
	},
	"13": {
		"note_uid": "s030801",
		"time": 9.459999999999999,
		"level": 1,
		"id": 13
	},
	"14": {
		"note_uid": "s030902",
		"time": 9.93,
		"level": 1,
		"id": 14
	},
	"15": {
		"note_uid": "s030801",
		"time": 10.4,
		"level": 1,
		"id": 15
	},
	"16": {
		"note_uid": "s001102",
		"time": 10.87,
		"level": 1,
		"id": 16
	},
	"17": {
		"note_uid": "s030902",
		"time": 11.81,
		"level": 1,
		"id": 17
	},
	"18": {
		"note_uid": "s030801",
		"time": 12.28,
		"level": 1,
		"id": 18
	},
	"19": {
		"note_uid": "s030801",
		"time": 12.739999999999998,
		"level": 1,
		"id": 19
	},
	"20": {
		"note_uid": "s030702",
		"time": 13.21,
		"level": 1,
		"id": 20
	},
	"21": {
		"note_uid": "s030902",
		"time": 13.45,
		"level": 1,
		"id": 21
	},
	"22": {
		"note_uid": "s030702",
		"time": 13.68,
		"level": 1,
		"id": 22
	},
	"23": {
		"note_uid": "s030902",
		"time": 14.15,
		"level": 1,
		"id": 23
	},
	"24": {
		"note_uid": "s030801",
		"time": 14.62,
		"level": 1,
		"id": 24
	},
	"25": {
		"note_uid": "s001102",
		"time": 15.09,
		"level": 1,
		"id": 25
	},
	"26": {
		"note_uid": "s030702",
		"time": 16.029999999999998,
		"level": 1,
		"id": 26
	},
	"27": {
		"note_uid": "s030702",
		"time": 16.259999999999998,
		"level": 1,
		"id": 27
	},
	"28": {
		"note_uid": "s030902",
		"time": 16.49,
		"level": 1,
		"id": 28
	},
	"29": {
		"note_uid": "s030702",
		"time": 16.73,
		"level": 1,
		"id": 29
	},
	"30": {
		"note_uid": "s030702",
		"time": 16.96,
		"level": 1,
		"id": 30
	},
	"31": {
		"note_uid": "s030902",
		"time": 17.43,
		"level": 1,
		"id": 31
	},
	"32": {
		"note_uid": "s030702",
		"time": 17.669999999999998,
		"level": 1,
		"id": 32
	},
	"33": {
		"note_uid": "s030702",
		"time": 17.9,
		"level": 1,
		"id": 33
	},
	"34": {
		"note_uid": "s030702",
		"time": 18.13,
		"level": 1,
		"id": 34
	},
	"35": {
		"note_uid": "s001102",
		"time": 18.37,
		"level": 1,
		"id": 35
	},
	"36": {
		"note_uid": "s030501",
		"time": 19.31,
		"level": 1,
		"id": 36
	},
	"37": {
		"note_uid": "s030501",
		"time": 19.54,
		"level": 1,
		"id": 37
	},
	"38": {
		"note_uid": "s030501",
		"time": 19.78,
		"level": 1,
		"id": 38
	},
	"39": {
		"note_uid": "s030902",
		"time": 20.01,
		"level": 1,
		"id": 39
	},
	"40": {
		"note_uid": "s030601",
		"time": 20.24,
		"level": 1,
		"id": 40
	},
	"41": {
		"note_uid": "s030601",
		"time": 20.48,
		"level": 1,
		"id": 41
	},
	"42": {
		"note_uid": "s030902",
		"time": 20.71,
		"level": 1,
		"id": 42
	},
	"43": {
		"note_uid": "s030801",
		"time": 20.95,
		"level": 1,
		"id": 43
	},
	"44": {
		"note_uid": "s030902",
		"time": 21.18,
		"level": 1,
		"id": 44
	},
	"45": {
		"note_uid": "s030902",
		"time": 21.65,
		"level": 1,
		"id": 45
	},
	"46": {
		"note_uid": "s030801",
		"time": 21.88,
		"level": 1,
		"id": 46
	},
	"47": {
		"note_uid": "s030801",
		"time": 22.12,
		"level": 1,
		"id": 47
	},
	"48": {
		"note_uid": "s030702",
		"time": 23.06,
		"level": 1,
		"id": 48
	},
	"49": {
		"note_uid": "s030702",
		"time": 23.29,
		"level": 1,
		"id": 49
	},
	"50": {
		"note_uid": "s030902",
		"time": 23.53,
		"level": 1,
		"id": 50
	},
	"51": {
		"note_uid": "s030702",
		"time": 23.76,
		"level": 1,
		"id": 51
	},
	"52": {
		"note_uid": "s030702",
		"time": 23.99,
		"level": 1,
		"id": 52
	},
	"53": {
		"note_uid": "s030801",
		"time": 24.46,
		"level": 1,
		"id": 53
	},
	"54": {
		"note_uid": "s030902",
		"time": 24.93,
		"level": 1,
		"id": 54
	},
	"55": {
		"note_uid": "s030801",
		"time": 25.4,
		"level": 1,
		"id": 55
	},
	"56": {
		"note_uid": "s001102",
		"time": 25.87,
		"level": 1,
		"id": 56
	},
	"57": {
		"note_uid": "s030902",
		"time": 26.81,
		"level": 1,
		"id": 57
	},
	"58": {
		"note_uid": "s001102",
		"time": 27.28,
		"level": 1,
		"id": 58
	},
	"59": {
		"note_uid": "s030703",
		"time": 27.74,
		"level": 1,
		"id": 59
	},
	"60": {
		"note_uid": "s030702",
		"time": 28.21,
		"level": 1,
		"id": 60
	},
	"61": {
		"note_uid": "s030902",
		"time": 28.45,
		"level": 1,
		"id": 61
	},
	"62": {
		"note_uid": "s030702",
		"time": 28.68,
		"level": 1,
		"id": 62
	},
	"63": {
		"note_uid": "s030902",
		"time": 29.15,
		"level": 1,
		"id": 63
	},
	"64": {
		"note_uid": "s030801",
		"time": 29.62,
		"level": 1,
		"id": 64
	},
	"65": {
		"note_uid": "s001102",
		"time": 30.09,
		"level": 1,
		"id": 65
	},
	"66": {
		"note_uid": "s030702",
		"time": 31.03,
		"level": 1,
		"id": 66
	},
	"67": {
		"note_uid": "s030702",
		"time": 31.26,
		"level": 1,
		"id": 67
	},
	"68": {
		"note_uid": "s030902",
		"time": 31.49,
		"level": 1,
		"id": 68
	},
	"69": {
		"note_uid": "s030702",
		"time": 31.73,
		"level": 1,
		"id": 69
	},
	"70": {
		"note_uid": "s030702",
		"time": 31.959999999999997,
		"level": 1,
		"id": 70
	},
	"71": {
		"note_uid": "s030902",
		"time": 32.43,
		"level": 1,
		"id": 71
	},
	"72": {
		"note_uid": "s030702",
		"time": 32.67,
		"level": 1,
		"id": 72
	},
	"73": {
		"note_uid": "s030702",
		"time": 32.900000000000006,
		"level": 1,
		"id": 73
	},
	"74": {
		"note_uid": "s030702",
		"time": 33.13,
		"level": 1,
		"id": 74
	},
	"75": {
		"note_uid": "s001102",
		"time": 33.370000000000005,
		"level": 1,
		"id": 75
	},
	"76": {
		"note_uid": "s030501",
		"time": 34.31,
		"level": 1,
		"id": 76
	},
	"77": {
		"note_uid": "s030501",
		"time": 34.540000000000006,
		"level": 1,
		"id": 77
	},
	"78": {
		"note_uid": "s030501",
		"time": 34.78,
		"level": 1,
		"id": 78
	},
	"79": {
		"note_uid": "s030902",
		"time": 35.010000000000005,
		"level": 1,
		"id": 79
	},
	"80": {
		"note_uid": "s030601",
		"time": 35.24,
		"level": 1,
		"id": 80
	},
	"81": {
		"note_uid": "s030601",
		"time": 35.480000000000004,
		"level": 1,
		"id": 81
	},
	"82": {
		"note_uid": "s030902",
		"time": 35.71,
		"level": 1,
		"id": 82
	},
	"83": {
		"note_uid": "s030801",
		"time": 35.95,
		"level": 1,
		"id": 83
	},
	"84": {
		"note_uid": "s001102",
		"time": 36.18,
		"level": 1,
		"id": 84
	},
	"85": {
		"note_uid": "s030902",
		"time": 36.650000000000006,
		"level": 1,
		"id": 85
	},
	"86": {
		"note_uid": "s030702",
		"time": 36.88,
		"level": 1,
		"id": 86
	},
	"87": {
		"note_uid": "s030702",
		"time": 37.120000000000005,
		"level": 1,
		"id": 87
	},
	"88": {
		"note_uid": "s030902",
		"time": 38.06,
		"level": 1,
		"id": 88
	},
	"89": {
		"note_uid": "s001102",
		"time": 38.53,
		"level": 1,
		"id": 89
	},
	"90": {
		"note_uid": "s030902",
		"time": 38.99,
		"level": 1,
		"id": 90
	},
	"91": {
		"note_uid": "s030703",
		"time": 39.46,
		"level": 1,
		"id": 91
	},
	"92": {
		"note_uid": "s030902",
		"time": 39.93,
		"level": 1,
		"id": 92
	},
	"93": {
		"note_uid": "s001102",
		"time": 40.400000000000006,
		"level": 1,
		"id": 93
	},
	"94": {
		"note_uid": "s030902",
		"time": 40.870000000000005,
		"level": 1,
		"id": 94
	},
	"95": {
		"note_uid": "s030703",
		"time": 41.34,
		"level": 1,
		"id": 95
	},
	"96": {
		"note_uid": "s030902",
		"time": 41.81,
		"level": 1,
		"id": 96
	},
	"97": {
		"note_uid": "s001102",
		"time": 42.28,
		"level": 1,
		"id": 97
	},