{
	"1": {
		"time": 6.09,
		"id": 1,
		"level": 1,
		"note_uid": "s030401"
	},
	"2": {
		"time": 7.04,
		"id": 2,
		"level": 1,
		"note_uid": "s030401"
	},
	"3": {
		"time": 8.07,
		"id": 3,
		"level": 1,
		"note_uid": "s030401"
	},
	"4": {
		"time": 9.06,
		"id": 4,
		"level": 1,
		"note_uid": "s000701"
	},
	"5": {
		"time": 9.72,
		"id": 5,
		"level": 1,
		"note_uid": "s030401"
	},
	"6": {
		"time": 10.05,
		"id": 6,
		"level": 1,
		"note_uid": "s030401"
	},
	"7": {
		"time": 12.11,
		"id": 7,
		"level": 1,
		"note_uid": "s030601"
	},
	"8": {
		"time": 13.06,
		"id": 8,
		"level": 1,
		"note_uid": "s030601"
	},
	"9": {
		"time": 14.05,
		"id": 9,
		"level": 1,
		"note_uid": "s030601"
	},
	"10": {
		"time": 15.04,
		"id": 10,
		"level": 1,
		"note_uid": "s030601"
	},
	"11": {
		"time": 18.09,
		"id": 11,
		"level": 1,
		"note_uid": "s030401"
	},
	"12": {
		"time": 19.08,
		"id": 12,
		"level": 1,
		"note_uid": "s030401"
	},
	"13": {
		"time": 20.03,
		"id": 13,
		"level": 1,
		"note_uid": "s030401"
	},
	"14": {
		"time": 21.02,
		"id": 14,
		"level": 1,
		"note_uid": "s000701"
	},
	"15": {
		"time": 21.64,
		"id": 15,
		"level": 1,
		"note_uid": "s030902"
	},
	"16": {
		"time": 22.01,
		"id": 16,
		"level": 1,
		"note_uid": "s030902"
	},
	"17": {
		"time": 24.03,
		"id": 17,
		"level": 1,
		"note_uid": "s000201"
	},
	"18": {
		"time": 24.69,
		"id": 18,
		"level": 1,
		"note_uid": "s030601"
	},
	"19": {
		"time": 24.98,
		"id": 19,
		"level": 1,
		"note_uid": "s030601"
	},
	"20": {
		"time": 25.72,
		"id": 20,
		"level": 1,
		"note_uid": "s030601"
	},
	"21": {
		"time": 26.05,
		"id": 21,
		"level": 1,
		"note_uid": "s030601"
	},
	"22": {
		"time": 26.71,
		"id": 22,
		"level": 1,
		"note_uid": "s030601"
	},
	"23": {
		"time": 27.04,
		"id": 23,
		"level": 1,
		"note_uid": "s030601"
	},
	"24": {
		"time": 27.66,
		"id": 24,
		"level": 1,
		"note_uid": "s000701"
	},
	"25": {
		"time": 30.06,
		"id": 25,
		"level": 1,
		"note_uid": "s000201"
	},
	"26": {
		"time": 30.39,
		"id": 26,
		"level": 1,
		"note_uid": "s030401"
	},
	"27": {
		"time": 30.72,
		"id": 27,
		"level": 1,
		"note_uid": "s030401"
	},
	"28": {
		"time": 31.049999999999997,
		"id": 28,
		"level": 1,
		"note_uid": "s000201"
	},
	"29": {
		"time": 31.379999999999995,
		"id": 29,
		"level": 1,
		"note_uid": "s030401"
	},
	"30": {
		"time": 31.709999999999994,
		"id": 30,
		"level": 1,
		"note_uid": "s030401"
	},
	"31": {
		"time": 32.03999999999999,
		"id": 31,
		"level": 1,
		"note_uid": "s000201"
	},
	"32": {
		"time": 32.36999999999999,
		"id": 32,
		"level": 1,
		"note_uid": "s030401"
	},
	"33": {
		"time": 32.69999999999999,
		"id": 33,
		"level": 1,
		"note_uid": "s030401"
	},
	"34": {
		"time": 33.02999999999999,
		"id": 34,
		"level": 1,
		"note_uid": "s000201"
	},
	"35": {
		"time": 33.359999999999985,
		"id": 35,
		"level": 1,
		"note_uid": "s030401"
	},
	"36": {
		"time": 33.68999999999998,
		"id": 36,
		"level": 1,
		"note_uid": "s030401"
	},
	"37": {
		"time": 34.01999999999998,
		"id": 37,
		"level": 1,
		"note_uid": "s000201"
	},
	"38": {
		"time": 34.34999999999998,
		"id": 38,
		"level": 1,
		"note_uid": "s030401"
	},
	"39": {
		"time": 34.67999999999998,
		"id": 39,
		"level": 1,
		"note_uid": "s030401"
	},
	"40": {
		"time": 35.00999999999998,
		"id": 40,
		"level": 1,
		"note_uid": "s000201"
	},
	"41": {
		"time": 35.339999999999975,
		"id": 41,
		"level": 1,
		"note_uid": "s030401"
	},
	"42": {
		"time": 36.08,
		"id": 42,
		"level": 1,
		"note_uid": "s000201"
	},
	"43": {
		"time": 36.41,
		"id": 43,
		"level": 1,
		"note_uid": "s031001"
	},
	"44": {
		"time": 36.74,
		"id": 44,
		"level": 1,
		"note_uid": "s031001"
	},
	"45": {
		"time": 37.07,
		"id": 45,
		"level": 1,
		"note_uid": "s000201"
	},
	"46": {
		"time": 37.4,
		"id": 46,
		"level": 1,
		"note_uid": "s031001"
	},
	"47": {
		"time": 37.73,
		"id": 47,
		"level": 1,
		"note_uid": "s031001"
	},
	"48": {
		"time": 38.06,
		"id": 48,
		"level": 1,
		"note_uid": "s000201"
	},
	"49": {
		"time": 38.39,
		"id": 49,
		"level": 1,
		"note_uid": "s031001"
	},
	"50": {
		"time": 38.72,
		"id": 50,
		"level": 1,
		"note_uid": "s031001"
	},
	"51": {
		"time": 39.05,
		"id": 51,
		"level": 1,
		"note_uid": "s000403"
	},
	"52": {
		"time": 39.38,
		"id": 52,
		"level": 1,
		"note_uid": "s000701"
	},
	"53": {
		"time": 39.71,
		"id": 53,
		"level": 1,
		"note_uid": "s000701"
	},
	"54": {
		"time": 42.02,
		"id": 54,
		"level": 1,
		"note_uid": "s000201"
	},
	"55": {
		"time": 42.72,
		"id": 55,
		"level": 1,
		"note_uid": "s030902"
	},
	"56": {
		"time": 43.05,
		"id": 56,
		"level": 1,
		"note_uid": "s030902"
	},
	"57": {
		"time": 43.67,
		"id": 57,
		"level": 1,
		"note_uid": "s030902"
	},
	"58": {
		"time": 44.04,
		"id": 58,
		"level": 1,
		"note_uid": "s030902"
	},
	"59": {
		"time": 44.74,
		"id": 59,
		"level": 1,
		"note_uid": "s030902"
	},
	"60": {
		"time": 45.07,
		"id": 60,
		"level": 1,
		"note_uid": "s030902"
	},
	"61": {
		"time": 45.69,
		"id": 61,
		"level": 1,
		"note_uid": "s030902"
	},
	"62": {
		"time": 46.02,
		"id": 62,
		"level": 1,
		"note_uid": "s000201"
	},
	"63": {
		"time": 46.349999999999994,
		"id": 63,
		"level": 1,
		"note_uid": "s030401"
	},
	"64": {
		"time": 46.67999999999999,
		"id": 64,
		"level": 1,
		"note_uid": "s030401"
	},
	"65": {
		"time": 47.00999999999999,
		"id": 65,
		"level": 1,
		"note_uid": "s000201"
	},
	"66": {
		"time": 47.33999999999999,
		"id": 66,
		"level": 1,
		"note_uid": "s000701"
	},
	"67": {
		"time": 48.08,
		"id": 67,
		"level": 1,
		"note_uid": "s000201"
	},
	"68": {
		"time": 48.7,
		"id": 68,
		"level": 1,
		"note_uid": "s030902"
	},
	"69": {
		"time": 49.03,
		"id": 69,
		"level": 1,
		"note_uid": "s030902"
	},
	"70": {
		"time": 49.69,
		"id": 70,
		"level": 1,
		"note_uid": "s030902"
	},
	"71": {
		"time": 50.02,
		"id": 71,
		"level": 1,
		"note_uid": "s030902"
	},
	"72": {
		"time": 50.72,
		"id": 72,
		"level": 1,
		"note_uid": "s030902"
	},
	"73": {
		"time": 51.05,
		"id": 73,
		"level": 1,
		"note_uid": "s030902"
	},
	"74": {
		"time": 51.63,
		"id": 74,
		"level": 1,
		"note_uid": "s000201"
	},
	"75": {
		"time": 54.27,
		"id": 75,
		"level": 1,
		"note_uid": "s000201"
	},
	"76": {
		"time": 54.97,
		"id": 76,
		"level": 1,
		"note_uid": "s030601"
	},
	"77": {
		"time": 55.3,
		"id": 77,
		"level": 1,
		"note_uid": "s030601"
	},
	"78": {
		"time": 55.92,
		"id": 78,
		"level": 1,
		"note_uid": "s000201"
	},
	"79": {
		"time": 58.77,
		"id": 79,
		"level": 1,
		"note_uid": "s000201"
	},
	"80": {
		"time": 59.43,
		"id": 80,
		"level": 1,
		"note_uid": "s030601"
	},
	"81": {
		"time": 59.76,
		"id": 81,
		"level": 1,
		"note_uid": "s030601"
	},
	"82": {
		"time": 60.34,
		"id": 82,
		"level": 1,
		"note_uid": "s000201"
	},
	"83": {
		"time": 62.07,
		"id": 83,
		"level": 1,
		"note_uid": "s000201"
	},
	"84": {
		"time": 62.73,
		"id": 84,
		"level": 1,
		"note_uid": "s030401"
	},
	"85": {
		"time": 63.06,
		"id": 85,
		"level": 1,
		"note_uid": "s000201"
	},
	"86": {
		"time": 63.39,
		"id": 86,
		"level": 1,
		"note_uid": "s030401"
	},
	"87": {
		"time": 64.05,
		"id": 87,
		"level": 1,
		"note_uid": "s000201"
	},
	"88": {
		"time": 64.38,
		"id": 88,
		"level": 1,
		"note_uid": "s000701"
	},
	"89": {
		"time": 65.08,
		"id": 89,
		"level": 1,
		"note_uid": "s000201"
	},
	"90": {
		"time": 65.41,
		"id": 90,
		"level": 1,
		"note_uid": "s030401"
	}
}