{
	"1": {
		"time": 7.500000000000002,
		"level": 1,
		"id": 1,
		"note_uid": "s050301"
	},
	"2": {
		"time": 8.36,
		"level": 1,
		"id": 2,
		"note_uid": "s050301"
	},
	"3": {
		"time": 9.219999999999999,
		"level": 1,
		"id": 3,
		"note_uid": "s050301"
	},
	"4": {
		"time": 10.07,
		"level": 1,
		"id": 4,
		"note_uid": "s050301"
	},
	"5": {
		"time": 10.93,
		"level": 1,
		"id": 5,
		"note_uid": "s050301"
	},
	"6": {
		"time": 11.79,
		"level": 1,
		"id": 6,
		"note_uid": "s050601"
	},
	"7": {
		"time": 12.22,
		"level": 1,
		"id": 7,
		"note_uid": "s050601"
	},
	"8": {
		"time": 12.86,
		"level": 1,
		"id": 8,
		"note_uid": "s000701"
	},
	"9": {
		"time": 13.07,
		"level": 1,
		"id": 9,
		"note_uid": "s050702"
	},
	"10": {
		"time": 13.4,
		"level": 1,
		"id": 10,
		"note_uid": "s050702"
	},
	"11": {
		"time": 13.72,
		"level": 1,
		"id": 11,
		"note_uid": "s050702"
	},
	"12": {
		"time": 13.93,
		"level": 1,
		"id": 12,
		"note_uid": "s000601"
	},
	"13": {
		"time": 14.36,
		"level": 1,
		"id": 13,
		"note_uid": "s001101"
	},
	"14": {
		"time": 15.22,
		"level": 1,
		"id": 14,
		"note_uid": "s050301"
	},
	"15": {
		"time": 15.650000000000002,
		"level": 1,
		"id": 15,
		"note_uid": "s050301"
	},
	"16": {
		"time": 16.070000000000004,
		"level": 1,
		"id": 16,
		"note_uid": "s050301"
	},
	"17": {
		"time": 16.930000000000003,
		"level": 1,
		"id": 17,
		"note_uid": "s050301"
	},
	"18": {
		"time": 17.360000000000003,
		"level": 1,
		"id": 18,
		"note_uid": "s050301"
	},
	"19": {
		"time": 17.790000000000003,
		"level": 1,
		"id": 19,
		"note_uid": "s050301"
	},
	"20": {
		"time": 18.65,
		"level": 1,
		"id": 20,
		"note_uid": "s050301"
	},
	"21": {
		"time": 19.070000000000004,
		"level": 1,
		"id": 21,
		"note_uid": "s050301"
	},
	"22": {
		"time": 19.500000000000004,
		"level": 1,
		"id": 22,
		"note_uid": "s050702"
	},
	"23": {
		"time": 19.72,
		"level": 1,
		"id": 23,
		"note_uid": "s050702"
	},
	"24": {
		"time": 20.15,
		"level": 1,
		"id": 24,
		"note_uid": "s050702"
	},
	"25": {
		"time": 20.360000000000003,
		"level": 1,
		"id": 25,
		"note_uid": "s050702"
	},
	"26": {
		"time": 20.790000000000003,
		"level": 1,
		"id": 26,
		"note_uid": "s050601"
	},
	"27": {
		"time": 21.22,
		"level": 1,
		"id": 27,
		"note_uid": "s050601"
	},
	"28": {
		"time": 22.070000000000004,
		"level": 1,
		"id": 28,
		"note_uid": "s050601"
	},
	"29": {
		"time": 22.500000000000004,
		"level": 1,
		"id": 29,
		"note_uid": "s050601"
	},
	"30": {
		"time": 22.930000000000003,
		"level": 1,
		"id": 30,
		"note_uid": "s050702"
	},
	"31": {
		"time": 23.140000000000004,
		"level": 1,
		"id": 31,
		"note_uid": "s050702"
	},
	"32": {
		"time": 23.570000000000004,
		"level": 1,
		"id": 32,
		"note_uid": "s050702"
	},
	"33": {
		"time": 23.790000000000003,
		"level": 1,
		"id": 33,
		"note_uid": "s050702"
	},
	"34": {
		"time": 24.22,
		"level": 1,
		"id": 34,
		"note_uid": "s050301"
	},
	"35": {
		"time": 24.65,
		"level": 1,
		"id": 35,
		"note_uid": "s050301"
	},
	"36": {
		"time": 25.500000000000004,
		"level": 1,
		"id": 36,
		"note_uid": "s050301"
	},
	"37": {
		"time": 25.930000000000003,
		"level": 1,
		"id": 37,
		"note_uid": "s050301"
	},
	"38": {
		"time": 26.360000000000003,
		"level": 1,
		"id": 38,
		"note_uid": "s050702"
	},
	"39": {
		"time": 26.570000000000004,
		"level": 1,
		"id": 39,
		"note_uid": "s050702"
	},
	"40": {
		"time": 27.000000000000004,
		"level": 1,
		"id": 40,
		"note_uid": "s050702"
	},
	"41": {
		"time": 27.22,
		"level": 1,
		"id": 41,
		"note_uid": "s050702"
	},
	"42": {
		"time": 27.65,
		"level": 1,
		"id": 42,
		"note_uid": "s000407"
	},
	"43": {
		"time": 28.930000000000003,
		"level": 1,
		"id": 43,
		"note_uid": "s051101"
	},
	"44": {
		"time": 29.360000000000003,
		"level": 1,
		"id": 44,
		"note_uid": "s051101"
	},
	"45": {
		"time": 30.430000000000003,
		"level": 1,
		"id": 45,
		"note_uid": "s051301"
	},
	"46": {
		"time": 30.65,
		"level": 1,
		"id": 46,
		"note_uid": "s051301"
	},
	"47": {
		"time": 31.070000000000004,
		"level": 1,
		"id": 47,
		"note_uid": "s051101"
	},
	"48": {
		"time": 31.499999999999996,
		"level": 1,
		"id": 48,
		"note_uid": "s051101"
	},
	"49": {
		"time": 32.36,
		"level": 1,
		"id": 49,
		"note_uid": "s051101"
	},
	"50": {
		"time": 32.790000000000006,
		"level": 1,
		"id": 50,
		"note_uid": "s051101"
	},
	"51": {
		"time": 33.220000000000006,
		"level": 1,
		"id": 51,
		"note_uid": "s051301"
	},
	"52": {
		"time": 33.43,
		"level": 1,
		"id": 52,
		"note_uid": "s051301"
	},
	"53": {
		"time": 33.86,
		"level": 1,
		"id": 53,
		"note_uid": "s051301"
	},
	"54": {
		"time": 34.07,
		"level": 1,
		"id": 54,
		"note_uid": "s051301"
	},
	"55": {
		"time": 34.5,
		"level": 1,
		"id": 55,
		"note_uid": "s001101"
	},
	"56": {
		"time": 35.790000000000006,
		"level": 1,
		"id": 56,
		"note_uid": "s000701"
	},
	"57": {
		"time": 36.220000000000006,
		"level": 1,
		"id": 57,
		"note_uid": "s000701"
	},
	"58": {
		"time": 36.650000000000006,
		"level": 1,
		"id": 58,
		"note_uid": "s000701"
	},
	"59": {
		"time": 37.290000000000006,
		"level": 1,
		"id": 59,
		"note_uid": "s051301"
	},
	"60": {
		"time": 37.5,
		"level": 1,
		"id": 60,
		"note_uid": "s051301"
	},
	"61": {
		"time": 37.93,
		"level": 1,
		"id": 61,
		"note_uid": "s050901"
	},
	"62": {
		"time": 38.36,
		"level": 1,
		"id": 62,
		"note_uid": "s050901"
	},
	"63": {
		"time": 39.220000000000006,
		"level": 1,
		"id": 63,
		"note_uid": "s050601"
	},
	"64": {
		"time": 39.650000000000006,
		"level": 1,
		"id": 64,
		"note_uid": "s050601"
	},
	"65": {
		"time": 40.07,
		"level": 1,
		"id": 65,
		"note_uid": "s050601"
	},
	"66": {
		"time": 40.5,
		"level": 1,
		"id": 66,
		"note_uid": "s050702"
	},
	"67": {
		"time": 40.82,
		"level": 1,
		"id": 67,
		"note_uid": "s050702"
	},
	"68": {
		"time": 41.150000000000006,
		"level": 1,
		"id": 68,
		"note_uid": "s050702"
	},
	"69": {
		"time": 41.36,
		"level": 1,
		"id": 69,
		"note_uid": "s000601"
	},
	"70": {
		"time": 41.790000000000006,
		"level": 1,
		"id": 70,
		"note_uid": "s001101"
	},
	"71": {
		"time": 42.650000000000006,
		"level": 1,
		"id": 71,
		"note_uid": "s050901"
	},
	"72": {
		"time": 43.07,
		"level": 1,
		"id": 72,
		"note_uid": "s050901"
	},
	"73": {
		"time": 43.5,
		"level": 1,
		"id": 73,
		"note_uid": "s051301"
	},
	"74": {
		"time": 43.720000000000006,
		"level": 1,
		"id": 74,
		"note_uid": "s051301"
	},
	"75": {
		"time": 44.150000000000006,
		"level": 1,
		"id": 75,
		"note_uid": "s051301"
	},
	"76": {
		"time": 44.36,
		"level": 1,
		"id": 76,
		"note_uid": "s051301"
	},
	"77": {
		"time": 44.790000000000006,
		"level": 1,
		"id": 77,
		"note_uid": "s050901"
	},
	"78": {
		"time": 45.220000000000006,
		"level": 1,
		"id": 78,
		"note_uid": "s050901"
	},
	"79": {
		"time": 46.07,
		"level": 1,
		"id": 79,
		"note_uid": "s051101"
	},
	"80": {
		"time": 46.5,
		"level": 1,
		"id": 80,
		"note_uid": "s051101"
	},
	"81": {
		"time": 46.93,
		"level": 1,
		"id": 81,
		"note_uid": "s050501"
	},
	"82": {
		"time": 47.14,
		"level": 1,
		"id": 82,
		"note_uid": "s050501"
	},
	"83": {
		"time": 47.57,
		"level": 1,
		"id": 83,
		"note_uid": "s050501"
	},
	"84": {
		"time": 47.790000000000006,
		"level": 1,
		"id": 84,
		"note_uid": "s050501"
	},
	"85": {
		"time": 48.220000000000006,
		"level": 1,
		"id": 85,
		"note_uid": "s051101"
	},
	"86": {
		"time": 48.64,
		"level": 1,
		"id": 86,
		"note_uid": "s051101"
	},
	"87": {
		"time": 49.5,
		"level": 1,
		"id": 87,
		"note_uid": "s050901"
	},
	"88": {
		"time": 49.93,
		"level": 1,
		"id": 88,
		"note_uid": "s050901"
	},
	"89": {
		"time": 50.36,
		"level": 1,
		"id": 89,
		"note_uid": "s051301"
	},
	"90": {
		"time": 50.57,
		"level": 1,
		"id": 90,
		"note_uid": "s051301"
	},
	"91": {
		"time": 51,
		"level": 1,
		"id": 91,
		"note_uid": "s051301"
	},
	"92": {
		"time": 51.220000000000006,
		"level": 1,
		"id": 92,
		"note_uid": "s051301"
	},
	"93": {
		"time": 51.650000000000006,
		"level": 1,
		"id": 93,