{
	"1": {
		"time": 10.65,
		"note_uid": "s030704",
		"id": 1,
		"level": 1
	},
	"2": {
		"time": 11.32,
		"note_uid": "s001102",
		"id": 2,
		"level": 1
	},
	"3": {
		"time": 12.65,
		"note_uid": "s001101",
		"id": 3,
		"level": 1
	},
	"4": {
		"time": 13.32,
		"note_uid": "s030704",
		"id": 4,
		"level": 1
	},
	"5": {
		"time": 13.989999999999998,
		"note_uid": "s001102",
		"id": 5,
		"level": 1
	},
	"6": {
		"time": 15.32,
		"note_uid": "s001101",
		"id": 6,
		"level": 1
	},
	"7": {
		"time": 15.989999999999998,
		"note_uid": "s030704",
		"id": 7,
		"level": 1
	},
	"8": {
		"time": 16.65,
		"note_uid": "s001102",
		"id": 8,
		"level": 1
	},
	"9": {
		"time": 17.99,
		"note_uid": "s001101",
		"id": 9,
		"level": 1
	},
	"10": {
		"time": 18.65,
		"note_uid": "s000701",
		"id": 10,
		"level": 1
	},
	"11": {
		"time": 19.32,
		"note_uid": "s001102",
		"id": 11,
		"level": 1
	},
	"12": {
		"time": 20.65,
		"note_uid": "s001101",
		"id": 12,
		"level": 1
	},
	"13": {
		"time": 21.32,
		"note_uid": "s000601",
		"id": 13,
		"level": 1
	},
	"14": {
		"time": 22.03,
		"note_uid": "s030902",
		"id": 14,
		"level": 1
	},
	"15": {
		"time": 22.32,
		"note_uid": "s030702",
		"id": 15,
		"level": 1
	},
	"16": {
		"time": 22.49,
		"note_uid": "s030702",
		"id": 16,
		"level": 1
	},
	"17": {
		"time": 22.959999999999997,
		"note_uid": "s030902",
		"id": 17,
		"level": 1
	},
	"18": {
		"time": 23.339999999999996,
		"note_uid": "s001102",
		"id": 18,
		"level": 1
	},
	"19": {
		"time": 24.049999999999997,
		"note_uid": "s030902",
		"id": 19,
		"level": 1
	},
	"20": {
		"time": 24.709999999999997,
		"note_uid": "s030902",
		"id": 20,
		"level": 1
	},
	"21": {
		"time": 25.01,
		"note_uid": "s030702",
		"id": 21,
		"level": 1
	},
	"22": {
		"time": 25.17,
		"note_uid": "s030702",
		"id": 22,
		"level": 1
	},
	"23": {
		"time": 25.67,
		"note_uid": "s000701",
		"id": 23,
		"level": 1
	},
	"24": {
		"time": 26.049999999999997,
		"note_uid": "s001102",
		"id": 24,
		"level": 1
	},
	"25": {
		"time": 26.67,
		"note_uid": "s030902",
		"id": 25,
		"level": 1
	},
	"26": {
		"time": 27.339999999999996,
		"note_uid": "s030902",
		"id": 26,
		"level": 1
	},
	"27": {
		"time": 27.63,
		"note_uid": "s030702",
		"id": 27,
		"level": 1
	},
	"28": {
		"time": 27.799999999999997,
		"note_uid": "s030702",
		"id": 28,
		"level": 1
	},
	"29": {
		"time": 28.299999999999997,
		"note_uid": "s000701",
		"id": 29,
		"level": 1
	},
	"30": {
		"time": 28.67,
		"note_uid": "s001102",
		"id": 30,
		"level": 1
	},
	"31": {
		"time": 29.38,
		"note_uid": "s030902",
		"id": 31,
		"level": 1
	},
	"32": {
		"time": 30.049999999999997,
		"note_uid": "s000701",
		"id": 32,
		"level": 1
	},
	"33": {
		"time": 30.339999999999996,
		"note_uid": "s030702",
		"id": 33,
		"level": 1
	},
	"34": {
		"time": 30.51,
		"note_uid": "s030702",
		"id": 34,
		"level": 1
	},
	"35": {
		"time": 30.959999999999997,
		"note_uid": "s030801",
		"id": 35,
		"level": 1
	},
	"36": {
		"time": 31.38,
		"note_uid": "s030902",
		"id": 36,
		"level": 1
	},
	"37": {
		"time": 32.010000000000005,
		"note_uid": "s000601",
		"id": 37,
		"level": 1
	},
	"38": {
		"time": 32.67000000000001,
		"note_uid": "s030801",
		"id": 38,
		"level": 1
	},
	"39": {
		"time": 33.050000000000004,
		"note_uid": "s031001",
		"id": 39,
		"level": 1
	},
	"40": {
		"time": 33.38000000000001,
		"note_uid": "s031001",
		"id": 40,
		"level": 1
	},
	"41": {
		"time": 33.71000000000001,
		"note_uid": "s031001",
		"id": 41,
		"level": 1
	},
	"42": {
		"time": 34.050000000000004,
		"note_uid": "s001101",
		"id": 42,
		"level": 1
	},
	"43": {
		"time": 34.67000000000001,
		"note_uid": "s031001",
		"id": 43,
		"level": 1
	},
	"44": {
		"time": 35.010000000000005,
		"note_uid": "s031001",
		"id": 44,
		"level": 1
	},
	"45": {
		"time": 35.38000000000001,
		"note_uid": "s030801",
		"id": 45,
		"level": 1
	},
	"46": {
		"time": 35.67000000000001,
		"note_uid": "s031001",
		"id": 46,
		"level": 1
	},
	"47": {
		"time": 36.010000000000005,
		"note_uid": "s031001",
		"id": 47,
		"level": 1
	},
	"48": {
		"time": 36.34,
		"note_uid": "s031001",
		"id": 48,
		"level": 1
	},
	"49": {
		"time": 36.71000000000001,
		"note_uid": "s001101",
		"id": 49,
		"level": 1
	},
	"50": {
		"time": 37.34,
		"note_uid": "s000601",
		"id": 50,
		"level": 1
	},
	"51": {
		"time": 38.010000000000005,
		"note_uid": "s030801",
		"id": 51,
		"level": 1
	},
	"52": {
		"time": 38.3,
		"note_uid": "s030702",
		"id": 52,
		"level": 1
	},
	"53": {
		"time": 38.46000000000001,
		"note_uid": "s030702",
		"id": 53,
		"level": 1
	},
	"54": {
		"time": 39.010000000000005,
		"note_uid": "s000701",
		"id": 54,
		"level": 1
	},
	"55": {
		"time": 39.38,
		"note_uid": "s001102",
		"id": 55,
		"level": 1
	},
	"56": {
		"time": 40.010000000000005,
		"note_uid": "s031001",
		"id": 56,
		"level": 1
	},
	"57": {
		"time": 40.34,
		"note_uid": "s031001",
		"id": 57,
		"level": 1
	},
	"58": {
		"time": 40.71000000000001,
		"note_uid": "s030801",
		"id": 58,
		"level": 1
	},
	"59": {
		"time": 41.010000000000005,
		"note_uid": "s030702",
		"id": 59,
		"level": 1
	},
	"60": {
		"time": 41.17,
		"note_uid": "s030702",
		"id": 60,
		"level": 1
	},
	"61": {
		"time": 41.63,
		"note_uid": "s000701",
		"id": 61,
		"level": 1
	},
	"62": {
		"time": 42.010000000000005,
		"note_uid": "s001101",
		"id": 62,
		"level": 1
	},
	"63": {
		"time": 42.67,
		"note_uid": "s000403",
		"id": 63,
		"level": 1
	},
	"64": {
		"time": 43.34,
		"note_uid": "s030903",
		"id": 64,
		"level": 1
	},
	"65": {
		"time": 43.67,
		"note_uid": "s030903",
		"id": 65,
		"level": 1
	},
	"66": {
		"time": 43.84,
		"note_uid": "s001103",
		"id": 66,
		"level": 1
	},
	"67": {
		"time": 44.38,
		"note_uid": "s030903",
		"id": 67,
		"level": 1
	},
	"68": {
		"time": 44.67,
		"note_uid": "s030903",
		"id": 68,
		"level": 1
	},
	"69": {
		"time": 44.96000000000001,
		"note_uid": "s030801",
		"id": 69,
		"level": 1
	},
	"70": {
		"time": 45.34,
		"note_uid": "s030903",
		"id": 70,
		"level": 1
	},
	"71": {
		"time": 46.010000000000005,
		"note_uid": "s030801",
		"id": 71,
		"level": 1
	},
	"72": {
		"time": 46.38,
		"note_uid": "s030702",
		"id": 72,
		"level": 1
	},
	"73": {
		"time": 46.55,
		"note_uid": "s030702",
		"id": 73,
		"level": 1
	},
	"74": {
		"time": 47.010000000000005,
		"note_uid": "s030903",
		"id": 74,
		"level": 1
	},
	"75": {
		"time": 47.38,
		"note_uid": "s001102",
		"id": 75,
		"level": 1
	},
	"76": {
		"time": 48.05,
		"note_uid": "s001102",
		"id": 76,
		"level": 1
	},
	"77": {
		"time": 48.67,
		"note_uid": "s030903",
		"id": 77,
		"level": 1
	},
	"78": {
		"time": 48.96000000000001,
		"note_uid": "s030903",
		"id": 78,
		"level": 1
	},
	"79": {
		"time": 49.13,
		"note_uid": "s001102",
		"id": 79,
		"level": 1
	},
	"80": {
		"time": 49.71000000000001,
		"note_uid": "s030903",
		"id": 80,
		"level": 1
	},
	"81": {
		"time": 50.05,
		"note_uid": "s001102",
		"id": 81,
		"level": 1
	},
	"82": {
		"time": 50.71000000000001,
		"note_uid": "s000701",
		"id": 82,
		"level": 1
	},
	"83": {
		"time": 51.38,
		"note_uid": "s030801",
		"id": 83,
		"level": 1
	},
	"84": {
		"time": 51.67,
		"note_uid": "s030903",
		"id": 84,
		"level": 1
	},
	"85": {
		"time": 51.84,
		"note_uid": "s030801",
		"id": 85,
		"level": 1
	},
	"86": {
		"time": 52.34,
		"note_uid": "s030903",
		"id": 86,
		"level": 1
	},
	"87": {
		"time": 52.71000000000001,
		"note_uid": "s001102",
		"id": 87,
		"level": 1
	},
	"88": {
		"time": 53.34,
		"note_uid": "s030903",
		"id": 88,
		"level": 1
	},
	"89": {
		"time": 53.96000000000001,
		"note_uid": "s030801",
		"id": 89,
		"level": 1
	},
	"90": {
		"time": 54.34,
		"note_uid": "s030702",
		"id": 90,
		"level": 1
	},
	"91": {
		"time": 54.510000000000005,
		"note_uid": "s030702",
		"id": 91,
		"level": 1
	},
	"92": {
		"time": 55.34,
		"note_uid": "s001102",
		"id": 92,
		"level": 1
	},
	"93": {
		"time": 56.05,
		"note_uid": "s031001",
		"id": 93,
		"level": 1
	},
	"94": {
		"time": 56.71000000000001,