{
	"1": {
		"time": 10.72,
		"note_uid": "s030902",
		"id": 1,
		"level": 1
	},
	"2": {
		"time": 11.43,
		"note_uid": "s000201",
		"id": 2,
		"level": 1
	},
	"3": {
		"time": 12.72,
		"note_uid": "s000201",
		"id": 3,
		"level": 1
	},
	"4": {
		"time": 13.39,
		"note_uid": "s030902",
		"id": 4,
		"level": 1
	},
	"5": {
		"time": 14.009999999999998,
		"note_uid": "s000201",
		"id": 5,
		"level": 1
	},
	"6": {
		"time": 15.43,
		"note_uid": "s000201",
		"id": 6,
		"level": 1
	},
	"7": {
		"time": 16.06,
		"note_uid": "s030902",
		"id": 7,
		"level": 1
	},
	"8": {
		"time": 16.72,
		"note_uid": "s000201",
		"id": 8,
		"level": 1
	},
	"9": {
		"time": 18.009999999999998,
		"note_uid": "s000201",
		"id": 9,
		"level": 1
	},
	"10": {
		"time": 18.68,
		"note_uid": "s000701",
		"id": 10,
		"level": 1
	},
	"11": {
		"time": 19.39,
		"note_uid": "s000201",
		"id": 11,
		"level": 1
	},
	"12": {
		"time": 20.72,
		"note_uid": "s000201",
		"id": 12,
		"level": 1
	},
	"13": {
		"time": 21.389999999999997,
		"note_uid": "s000601",
		"id": 13,
		"level": 1
	},
	"14": {
		"time": 22.1,
		"note_uid": "s030902",
		"id": 14,
		"level": 1
	},
	"15": {
		"time": 22.389999999999997,
		"note_uid": "s030702",
		"id": 15,
		"level": 1
	},
	"16": {
		"time": 22.56,
		"note_uid": "s030702",
		"id": 16,
		"level": 1
	},
	"17": {
		"time": 23.01,
		"note_uid": "s030902",
		"id": 17,
		"level": 1
	},
	"18": {
		"time": 23.389999999999997,
		"note_uid": "s000201",
		"id": 18,
		"level": 1
	},
	"19": {
		"time": 24.1,
		"note_uid": "s030902",
		"id": 19,
		"level": 1
	},
	"20": {
		"time": 24.76,
		"note_uid": "s030902",
		"id": 20,
		"level": 1
	},
	"21": {
		"time": 25.06,
		"note_uid": "s030702",
		"id": 21,
		"level": 1
	},
	"22": {
		"time": 25.22,
		"note_uid": "s030702",
		"id": 22,
		"level": 1
	},
	"23": {
		"time": 25.72,
		"note_uid": "s000701",
		"id": 23,
		"level": 1
	},
	"24": {
		"time": 26.1,
		"note_uid": "s000201",
		"id": 24,
		"level": 1
	},
	"25": {
		"time": 26.72,
		"note_uid": "s030902",
		"id": 25,
		"level": 1
	},
	"26": {
		"time": 27.389999999999997,
		"note_uid": "s030902",
		"id": 26,
		"level": 1
	},
	"27": {
		"time": 27.68,
		"note_uid": "s030702",
		"id": 27,
		"level": 1
	},
	"28": {
		"time": 27.85,
		"note_uid": "s030702",
		"id": 28,
		"level": 1
	},
	"29": {
		"time": 28.35,
		"note_uid": "s000701",
		"id": 29,
		"level": 1
	},
	"30": {
		"time": 28.72,
		"note_uid": "s000201",
		"id": 30,
		"level": 1
	},
	"31": {
		"time": 29.43,
		"note_uid": "s030902",
		"id": 31,
		"level": 1
	},
	"32": {
		"time": 30.1,
		"note_uid": "s000701",
		"id": 32,
		"level": 1
	},
	"33": {
		"time": 30.389999999999997,
		"note_uid": "s030702",
		"id": 33,
		"level": 1
	},
	"34": {
		"time": 30.56,
		"note_uid": "s030702",
		"id": 34,
		"level": 1
	},
	"35": {
		"time": 31.01,
		"note_uid": "s000201",
		"id": 35,
		"level": 1
	},
	"36": {
		"time": 31.43,
		"note_uid": "s030902",
		"id": 36,
		"level": 1
	},
	"37": {
		"time": 32.06,
		"note_uid": "s000601",
		"id": 37,
		"level": 1
	},
	"38": {
		"time": 32.720000000000006,
		"note_uid": "s000201",
		"id": 38,
		"level": 1
	},
	"39": {
		"time": 33.1,
		"note_uid": "s031001",
		"id": 39,
		"level": 1
	},
	"40": {
		"time": 33.43000000000001,
		"note_uid": "s031001",
		"id": 40,
		"level": 1
	},
	"41": {
		"time": 33.760000000000005,
		"note_uid": "s031001",
		"id": 41,
		"level": 1
	},
	"42": {
		"time": 34.1,
		"note_uid": "s000201",
		"id": 42,
		"level": 1
	},
	"43": {
		"time": 34.720000000000006,
		"note_uid": "s031001",
		"id": 43,
		"level": 1
	},
	"44": {
		"time": 35.06,
		"note_uid": "s031001",
		"id": 44,
		"level": 1
	},
	"45": {
		"time": 35.43000000000001,
		"note_uid": "s000201",
		"id": 45,
		"level": 1
	},
	"46": {
		"time": 35.720000000000006,
		"note_uid": "s031001",
		"id": 46,
		"level": 1
	},
	"47": {
		"time": 36.06,
		"note_uid": "s031001",
		"id": 47,
		"level": 1
	},
	"48": {
		"time": 36.39,
		"note_uid": "s031001",
		"id": 48,
		"level": 1
	},
	"49": {
		"time": 36.760000000000005,
		"note_uid": "s000201",
		"id": 49,
		"level": 1
	},
	"50": {
		"time": 37.39,
		"note_uid": "s000601",
		"id": 50,
		"level": 1
	},
	"51": {
		"time": 38.06,
		"note_uid": "s000201",
		"id": 51,
		"level": 1
	},
	"52": {
		"time": 38.35,
		"note_uid": "s030702",
		"id": 52,
		"level": 1
	},
	"53": {
		"time": 38.510000000000005,
		"note_uid": "s030702",
		"id": 53,
		"level": 1
	},
	"54": {
		"time": 39.06,
		"note_uid": "s000701",
		"id": 54,
		"level": 1
	},
	"55": {
		"time": 39.43,
		"note_uid": "s000201",
		"id": 55,
		"level": 1
	},
	"56": {
		"time": 40.06,
		"note_uid": "s031001",
		"id": 56,
		"level": 1
	},
	"57": {
		"time": 40.39,
		"note_uid": "s031001",
		"id": 57,
		"level": 1
	},
	"58": {
		"time": 40.760000000000005,
		"note_uid": "s000201",
		"id": 58,
		"level": 1
	},
	"59": {
		"time": 41.06,
		"note_uid": "s030702",
		"id": 59,
		"level": 1
	},
	"60": {
		"time": 41.22,
		"note_uid": "s030702",
		"id": 60,
		"level": 1
	},
	"61": {
		"time": 41.68,
		"note_uid": "s000701",
		"id": 61,
		"level": 1
	},
	"62": {
		"time": 42.06,
		"note_uid": "s000201",
		"id": 62,
		"level": 1
	},
	"63": {
		"time": 42.72,
		"note_uid": "s000403",
		"id": 63,
		"level": 1
	},
	"64": {
		"time": 43.39,
		"note_uid": "s030903",
		"id": 64,
		"level": 1
	},
	"65": {
		"time": 43.72,
		"note_uid": "s030903",
		"id": 65,
		"level": 1
	},
	"66": {
		"time": 43.89,
		"note_uid": "s000201",
		"id": 66,
		"level": 1
	},
	"67": {
		"time": 44.43,
		"note_uid": "s030903",
		"id": 67,
		"level": 1
	},
	"68": {
		"time": 44.72,
		"note_uid": "s030903",
		"id": 68,
		"level": 1
	},
	"69": {
		"time": 45.010000000000005,
		"note_uid": "s000201",
		"id": 69,
		"level": 1
	},
	"70": {
		"time": 45.39,
		"note_uid": "s030903",
		"id": 70,
		"level": 1
	},
	"71": {
		"time": 46.06,
		"note_uid": "s000201",
		"id": 71,
		"level": 1
	},
	"72": {
		"time": 46.43,
		"note_uid": "s030702",
		"id": 72,
		"level": 1
	},
	"73": {
		"time": 46.6,
		"note_uid": "s030702",
		"id": 73,
		"level": 1
	},
	"74": {
		"time": 47.06,
		"note_uid": "s030903",
		"id": 74,
		"level": 1
	},
	"75": {
		"time": 47.43,
		"note_uid": "s000201",
		"id": 75,
		"level": 1
	},
	"76": {
		"time": 48.1,
		"note_uid": "s000201",
		"id": 76,
		"level": 1
	},
	"77": {
		"time": 48.72,
		"note_uid": "s030903",
		"id": 77,
		"level": 1
	},
	"78": {
		"time": 49.010000000000005,
		"note_uid": "s030903",
		"id": 78,
		"level": 1
	},
	"79": {
		"time": 49.18,
		"note_uid": "s000201",
		"id": 79,
		"level": 1
	},
	"80": {
		"time": 49.760000000000005,
		"note_uid": "s030903",
		"id": 80,
		"level": 1
	},
	"81": {
		"time": 50.1,
		"note_uid": "s000201",
		"id": 81,
		"level": 1
	},
	"82": {
		"time": 50.760000000000005,
		"note_uid": "s000701",
		"id": 82,
		"level": 1
	},
	"83": {
		"time": 51.43,
		"note_uid": "s000201",
		"id": 83,
		"level": 1
	},
	"84": {
		"time": 51.72,
		"note_uid": "s030903",
		"id": 84,
		"level": 1
	},
	"85": {
		"time": 51.89,
		"note_uid": "s000201",
		"id": 85,
		"level": 1
	},
	"86": {
		"time": 52.39,
		"note_uid": "s030903",
		"id": 86,
		"level": 1
	},
	"87": {
		"time": 52.760000000000005,
		"note_uid": "s000201",
		"id": 87,
		"level": 1
	},
	"88": {
		"time": 53.39,
		"note_uid": "s030903",
		"id": 88,
		"level": 1
	},
	"89": {
		"time": 54.010000000000005,
		"note_uid": "s000201",
		"id": 89,
		"level": 1
	},
	"90": {
		"time": 54.39,
		"note_uid": "s030702",
		"id": 90,
		"level": 1
	},
	"91": {
		"time": 54.56,
		"note_uid": "s030702",
		"id": 91,
		"level": 1
	},
	"92": {
		"time": 55.39,
		"note_uid": "s000201",
		"id": 92,
		"level": 1
	},
	"93": {
		"time": 56.1,
		"note_uid": "s031001",
		"id": 93,
		"level": 1
	},
	"94": {
		"time": 56.760000000000005,
		"note_uid": "s000201",
		"id": 94,
		"level": 1
	},
	"95": {
		"time": 57.1,
		"note_uid": "s030702",
		"id": 95,
		"level": 1
	},
	"96": {
		"time": 57.260000000000005,
		"note_uid": "s030702",
		"id": 96,
		"level": 1
	},