{
	"1": {
		"note_uid": "s050601",
		"time": 4.69,
		"level": 1,
		"id": 1
	},
	"2": {
		"note_uid": "s051301",
		"time": 5.83,
		"level": 1,
		"id": 2
	},
	"3": {
		"note_uid": "s051301",
		"time": 6.26,
		"level": 1,
		"id": 3
	},
	"4": {
		"note_uid": "s050901",
		"time": 6.97,
		"level": 1,
		"id": 4
	},
	"5": {
		"note_uid": "s050901",
		"time": 7.22,
		"level": 1,
		"id": 5
	},
	"6": {
		"note_uid": "s050901",
		"time": 7.51,
		"level": 1,
		"id": 6
	},
	"7": {
		"note_uid": "s050601",
		"time": 9.26,
		"level": 1,
		"id": 7
	},
	"8": {
		"note_uid": "s050601",
		"time": 9.83,
		"level": 1,
		"id": 8
	},
	"9": {
		"note_uid": "s050901",
		"time": 10.4,
		"level": 1,
		"id": 9
	},
	"10": {
		"note_uid": "s050901",
		"time": 10.54,
		"level": 1,
		"id": 10
	},
	"11": {
		"note_uid": "s050901",
		"time": 10.83,
		"level": 1,
		"id": 11
	},
	"12": {
		"note_uid": "s000901",
		"time": 11.47,
		"level": 1,
		"id": 12
	},
	"13": {
		"note_uid": "s000901",
		"time": 11.659999999999998,
		"level": 1,
		"id": 13
	},
	"14": {
		"note_uid": "s000901",
		"time": 11.849999999999998,
		"level": 1,
		"id": 14
	},
	"15": {
		"note_uid": "s000901",
		"time": 12.039999999999996,
		"level": 1,
		"id": 15
	},
	"16": {
		"note_uid": "s000901",
		"time": 12.229999999999997,
		"level": 1,
		"id": 16
	},
	"17": {
		"note_uid": "s000901",
		"time": 12.419999999999996,
		"level": 1,
		"id": 17
	},
	"18": {
		"note_uid": "s000901",
		"time": 12.609999999999996,
		"level": 1,
		"id": 18
	},
	"19": {
		"note_uid": "s000901",
		"time": 12.799999999999995,
		"level": 1,
		"id": 19
	},
	"20": {
		"note_uid": "s000902",
		"time": 12.989999999999998,
		"level": 1,
		"id": 20
	},
	"21": {
		"note_uid": "s000504",
		"time": 13.22,
		"level": 1,
		"id": 21
	},
	"22": {
		"note_uid": "s050601",
		"time": 13.79,
		"level": 1,
		"id": 22
	},
	"23": {
		"note_uid": "s050601",
		"time": 14.4,
		"level": 1,
		"id": 23
	},
	"24": {
		"note_uid": "s050601",
		"time": 14.97,
		"level": 1,
		"id": 24
	},
	"25": {
		"note_uid": "s050702",
		"time": 15.47,
		"level": 1,
		"id": 25
	},
	"26": {
		"note_uid": "s050702",
		"time": 15.68,
		"level": 1,
		"id": 26
	},
	"27": {
		"note_uid": "s050702",
		"time": 15.97,
		"level": 1,
		"id": 27
	},
	"28": {
		"note_uid": "s050203",
		"time": 16.11,
		"level": 1,
		"id": 28
	},
	"29": {
		"note_uid": "s050801",
		"time": 16.68,
		"level": 1,
		"id": 29
	},
	"30": {
		"note_uid": "s050201",
		"time": 17.11,
		"level": 1,
		"id": 30
	},
	"31": {
		"note_uid": "s050704",
		"time": 17.25,
		"level": 1,
		"id": 31
	},
	"32": {
		"note_uid": "s050702",
		"time": 17.82,
		"level": 1,
		"id": 32
	},
	"33": {
		"note_uid": "s000601",
		"time": 18.39,
		"level": 1,
		"id": 33
	},
	"34": {
		"note_uid": "s000601",
		"time": 18.68,
		"level": 1,
		"id": 34
	},
	"35": {
		"note_uid": "s000601",
		"time": 18.93,
		"level": 1,
		"id": 35
	},
	"36": {
		"note_uid": "s051101",
		"time": 19.46,
		"level": 1,
		"id": 36
	},
	"37": {
		"note_uid": "s051101",
		"time": 19.68,
		"level": 1,
		"id": 37
	},
	"38": {
		"note_uid": "s051101",
		"time": 19.86,
		"level": 1,
		"id": 38
	},
	"39": {
		"note_uid": "s051101",
		"time": 20.04,
		"level": 1,
		"id": 39
	},
	"40": {
		"note_uid": "s050302",
		"time": 20.68,
		"level": 1,
		"id": 40
	},
	"41": {
		"note_uid": "s050803",
		"time": 20.96,
		"level": 1,
		"id": 41
	},
	"42": {
		"note_uid": "s050302",
		"time": 21.25,
		"level": 1,
		"id": 42
	},
	"43": {
		"note_uid": "s050803",
		"time": 21.53,
		"level": 1,
		"id": 43
	},
	"44": {
		"note_uid": "s051101",
		"time": 21.82,
		"level": 1,
		"id": 44
	},
	"45": {
		"note_uid": "s051101",
		"time": 21.96,
		"level": 1,
		"id": 45
	},
	"46": {
		"note_uid": "s051101",
		"time": 22.11,
		"level": 1,
		"id": 46
	},
	"47": {
		"note_uid": "s051101",
		"time": 22.28,
		"level": 1,
		"id": 47
	},
	"48": {
		"note_uid": "s050601",
		"time": 22.96,
		"level": 1,
		"id": 48
	},
	"49": {
		"note_uid": "s050601",
		"time": 23.53,
		"level": 1,
		"id": 49
	},
	"50": {
		"note_uid": "s050801",
		"time": 24.1,
		"level": 1,
		"id": 50
	},
	"51": {
		"note_uid": "s050301",
		"time": 24.39,
		"level": 1,
		"id": 51
	},
	"52": {
		"note_uid": "s050801",
		"time": 24.67,
		"level": 1,
		"id": 52
	},
	"53": {
		"note_uid": "s050601",
		"time": 25.25,
		"level": 1,
		"id": 53
	},
	"54": {
		"note_uid": "s050601",
		"time": 25.82,
		"level": 1,
		"id": 54
	},
	"55": {
		"note_uid": "s050801",
		"time": 26.39,
		"level": 1,
		"id": 55
	},
	"56": {
		"note_uid": "s050301",
		"time": 26.67,
		"level": 1,
		"id": 56
	},
	"57": {
		"note_uid": "s050801",
		"time": 26.96,
		"level": 1,
		"id": 57
	},
	"58": {
		"note_uid": "s000601",
		"time": 27.53,
		"level": 1,
		"id": 58
	},
	"59": {
		"note_uid": "s000601",
		"time": 27.96,
		"level": 1,
		"id": 59
	},
	"60": {
		"note_uid": "s000901",
		"time": 28.39,
		"level": 1,
		"id": 60
	},
	"61": {
		"note_uid": "s000901",
		"time": 28.58,
		"level": 1,
		"id": 61
	},
	"62": {
		"note_uid": "s000901",
		"time": 28.770000000000003,
		"level": 1,
		"id": 62
	},
	"63": {
		"note_uid": "s000901",
		"time": 28.960000000000004,
		"level": 1,
		"id": 63
	},
	"64": {
		"note_uid": "s000902",
		"time": 29.15000000000001,
		"level": 1,
		"id": 64
	},
	"65": {
		"note_uid": "s050601",
		"time": 29.81,
		"level": 1,
		"id": 65
	},
	"66": {
		"note_uid": "s050601",
		"time": 30.39,
		"level": 1,
		"id": 66
	},
	"67": {
		"note_uid": "s050702",
		"time": 30.96,
		"level": 1,
		"id": 67
	},
	"68": {
		"note_uid": "s050702",
		"time": 31.24,
		"level": 1,
		"id": 68
	},
	"69": {
		"note_uid": "s050702",
		"time": 31.53,
		"level": 1,
		"id": 69
	},
	"70": {
		"note_uid": "s050203",
		"time": 31.81,
		"level": 1,
		"id": 70
	},
	"71": {
		"note_uid": "s050704",
		"time": 32.1,
		"level": 1,
		"id": 71
	},
	"72": {
		"note_uid": "s011408",
		"time": 32.38,
		"level": 1,
		"id": 72
	},
	"73": {
		"note_uid": "s050704",
		"time": 32.67,
		"level": 1,
		"id": 73
	},
	"74": {
		"note_uid": "s011408",
		"time": 32.96,
		"level": 1,
		"id": 74
	},
	"75": {
		"note_uid": "s050702",
		"time": 33.24,
		"level": 1,
		"id": 75
	},
	"76": {
		"note_uid": "s050702",
		"time": 33.38,
		"level": 1,
		"id": 76
	},
	"77": {
		"note_uid": "s051101",
		"time": 33.67,
		"level": 1,
		"id": 77
	},
	"78": {
		"note_uid": "s050201",
		"time": 34.13,
		"level": 1,
		"id": 78
	},
	"79": {
		"note_uid": "s050901",
		"time": 34.42,
		"level": 1,
		"id": 79
	},
	"80": {
		"note_uid": "s050901",
		"time": 34.67,
		"level": 1,
		"id": 80
	},
	"81": {
		"note_uid": "s051101",
		"time": 34.95,
		"level": 1,
		"id": 81
	},
	"82": {
		"note_uid": "s051101",
		"time": 35.1,
		"level": 1,
		"id": 82
	},
	"83": {
		"note_uid": "s051101",
		"time": 35.24,
		"level": 1,
		"id": 83
	},
	"84": {
		"note_uid": "s051101",
		"time": 35.45,
		"level": 1,
		"id": 84
	},
	"85": {
		"note_uid": "s000901",
		"time": 35.74,
		"level": 1,
		"id": 85
	},
	"86": {
		"note_uid": "s000901",
		"time": 35.93,
		"level": 1,
		"id": 86
	},
	"87": {
		"note_uid": "s000901",
		"time": 36.12,
		"level": 1,
		"id": 87
	},
	"88": {
		"note_uid": "s000901",
		"time": 36.309999999999995,
		"level": 1,
		"id": 88
	},
	"89": {
		"note_uid": "s000902",
		"time": 36.5,
		"level": 1,
		"id": 89
	},
	"90": {
		"note_uid": "s050801",
		"time": 36.7,
		"level": 1,
		"id": 90
	},
	"91": {
		"note_uid": "s050201",
		"time": 36.99,
		"level": 1,
		"id": 91
	},
	"92": {
		"note_uid": "s050704",
		"time": 37.27,
		"level": 1,
		"id": 92
	},
	"93": {
		"note_uid": "s011408",
		"time": 37.56,
		"level": 1,
		"id": 93
	},
	"94": {
		"note_uid": "s050702",
		"time": 37.84,
		"level": 1,
		"id": 94
	},
	"95": {
		"note_uid": "s050702",
		"time": 37.99,
		"level": 1,
		"id": 95
	},
	"96": {
		"note_uid": "s051101",
		"time": 38.31,
		"level": 1,
		"id": 96
	},
	"97": {
		"note_uid": "s050201",
		"time": 38.67,
		"level": 1,
		"id": 97
	},
	"98": {
		"note_uid": "s051301",
		"time": 38.95,
		"level": 1,
		"id": 98
	},
	"99": {
		"note_uid": "s051301",