{
	"1": {
		"note_uid": "s000906",
		"time": 5,
		"level": 1,
		"id": 1
	},
	"2": {
		"note_uid": "s000903",
		"time": 5.11,
		"level": 1,
		"id": 2
	},
	"3": {
		"note_uid": "s000903",
		"time": 5.220000000000001,
		"level": 1,
		"id": 3
	},
	"4": {
		"note_uid": "s000903",
		"time": 5.330000000000001,
		"level": 1,
		"id": 4
	},
	"5": {
		"note_uid": "s000903",
		"time": 5.440000000000001,
		"level": 1,
		"id": 5
	},
	"6": {
		"note_uid": "s000903",
		"time": 5.550000000000002,
		"level": 1,
		"id": 6
	},
	"7": {
		"note_uid": "s000903",
		"time": 5.660000000000002,
		"level": 1,
		"id": 7
	},
	"8": {
		"note_uid": "s000903",
		"time": 5.770000000000002,
		"level": 1,
		"id": 8
	},
	"9": {
		"note_uid": "s000903",
		"time": 5.880000000000003,
		"level": 1,
		"id": 9
	},
	"10": {
		"note_uid": "s000903",
		"time": 5.990000000000003,
		"level": 1,
		"id": 10
	},
	"11": {
		"note_uid": "s000903",
		"time": 6.100000000000003,
		"level": 1,
		"id": 11
	},
	"12": {
		"note_uid": "s000903",
		"time": 6.2100000000000035,
		"level": 1,
		"id": 12
	},
	"13": {
		"note_uid": "s000904",
		"time": 6.320000000000004,
		"level": 1,
		"id": 13
	},
	"14": {
		"note_uid": "s000905",
		"time": 8,
		"level": 1,
		"id": 14
	},
	"15": {
		"note_uid": "s000901",
		"time": 8.19,
		"level": 1,
		"id": 15
	},
	"16": {
		"note_uid": "s000901",
		"time": 8.379999999999999,
		"level": 1,
		"id": 16
	},
	"17": {
		"note_uid": "s000901",
		"time": 8.569999999999999,
		"level": 1,
		"id": 17
	},
	"18": {
		"note_uid": "s000901",
		"time": 8.759999999999998,
		"level": 1,
		"id": 18
	},
	"19": {
		"note_uid": "s000901",
		"time": 8.949999999999998,
		"level": 1,
		"id": 19
	},
	"20": {
		"note_uid": "s000901",
		"time": 9.139999999999995,
		"level": 1,
		"id": 20
	},
	"21": {
		"note_uid": "s000901",
		"time": 9.329999999999997,
		"level": 1,
		"id": 21
	},
	"22": {
		"note_uid": "s000901",
		"time": 9.519999999999996,
		"level": 1,
		"id": 22
	},
	"23": {
		"note_uid": "s000901",
		"time": 9.709999999999996,
		"level": 1,
		"id": 23
	},
	"24": {
		"note_uid": "s000901",
		"time": 9.899999999999997,
		"level": 1,
		"id": 24
	},
	"25": {
		"note_uid": "s000901",
		"time": 10.089999999999996,
		"level": 1,
		"id": 25
	},
	"26": {
		"note_uid": "s000901",
		"time": 10.279999999999994,
		"level": 1,
		"id": 26
	},
	"27": {
		"note_uid": "s000901",
		"time": 10.469999999999994,
		"level": 1,
		"id": 27
	},
	"28": {
		"note_uid": "s000901",
		"time": 10.659999999999991,
		"level": 1,
		"id": 28
	},
	"29": {
		"note_uid": "s000901",
		"time": 10.849999999999993,
		"level": 1,
		"id": 29
	},
	"30": {
		"note_uid": "s000901",
		"time": 11.039999999999992,
		"level": 1,
		"id": 30
	},
	"31": {
		"note_uid": "s000901",
		"time": 11.229999999999992,
		"level": 1,
		"id": 31
	},
	"32": {
		"note_uid": "s000901",
		"time": 11.419999999999993,
		"level": 1,
		"id": 32
	},
	"33": {
		"note_uid": "s000901",
		"time": 11.609999999999992,
		"level": 1,
		"id": 33
	},
	"34": {
		"note_uid": "s000901",
		"time": 11.79999999999999,
		"level": 1,
		"id": 34
	},
	"35": {
		"note_uid": "s000901",
		"time": 11.98999999999999,
		"level": 1,
		"id": 35
	},
	"36": {
		"note_uid": "s000901",
		"time": 12.179999999999987,
		"level": 1,
		"id": 36
	},
	"37": {
		"note_uid": "s000902",
		"time": 12.369999999999989,
		"level": 1,
		"id": 37
	},
	"38": {
		"note_uid": "s000503",
		"time": 12.56,
		"level": 1,
		"id": 38
	},
	"39": {
		"note_uid": "s000906",
		"time": 15,
		"level": 1,
		"id": 39
	},
	"40": {
		"note_uid": "s000903",
		"time": 15.11,
		"level": 1,
		"id": 40
	},
	"41": {
		"note_uid": "s000903",
		"time": 15.22,
		"level": 1,
		"id": 41
	},
	"42": {
		"note_uid": "s000903",
		"time": 15.329999999999998,
		"level": 1,
		"id": 42
	},
	"43": {
		"note_uid": "s000903",
		"time": 15.439999999999998,
		"level": 1,
		"id": 43
	},
	"44": {
		"note_uid": "s000903",
		"time": 15.549999999999995,
		"level": 1,
		"id": 44
	},
	"45": {
		"note_uid": "s000903",
		"time": 15.659999999999997,
		"level": 1,
		"id": 45
	},
	"46": {
		"note_uid": "s000903",
		"time": 15.769999999999996,
		"level": 1,
		"id": 46
	},
	"47": {
		"note_uid": "s000903",
		"time": 15.879999999999995,
		"level": 1,
		"id": 47
	},
	"48": {
		"note_uid": "s000903",
		"time": 15.989999999999997,
		"level": 1,
		"id": 48
	},
	"49": {
		"note_uid": "s000903",
		"time": 16.099999999999994,
		"level": 1,
		"id": 49
	},
	"50": {
		"note_uid": "s000903",
		"time": 16.209999999999994,
		"level": 1,
		"id": 50
	},
	"51": {
		"note_uid": "s000903",
		"time": 16.319999999999993,
		"level": 1,
		"id": 51
	},
	"52": {
		"note_uid": "s000903",
		"time": 16.429999999999993,
		"level": 1,
		"id": 52
	},
	"53": {
		"note_uid": "s000903",
		"time": 16.539999999999992,
		"level": 1,
		"id": 53
	},
	"54": {
		"note_uid": "s000903",
		"time": 16.64999999999999,
		"level": 1,
		"id": 54
	},
	"55": {
		"note_uid": "s000903",
		"time": 16.75999999999999,
		"level": 1,
		"id": 55
	},
	"56": {
		"note_uid": "s000903",
		"time": 16.86999999999999,
		"level": 1,
		"id": 56
	},
	"57": {
		"note_uid": "s000903",
		"time": 16.97999999999999,
		"level": 1,
		"id": 57
	},
	"58": {
		"note_uid": "s000903",
		"time": 17.08999999999999,
		"level": 1,
		"id": 58
	},
	"59": {
		"note_uid": "s000903",
		"time": 17.19999999999999,
		"level": 1,
		"id": 59
	},
	"60": {
		"note_uid": "s000903",
		"time": 17.309999999999988,
		"level": 1,
		"id": 60
	},
	"61": {
		"note_uid": "s000903",
		"time": 17.419999999999987,
		"level": 1,
		"id": 61
	},
	"62": {
		"note_uid": "s000903",
		"time": 17.529999999999987,
		"level": 1,
		"id": 62
	},
	"63": {
		"note_uid": "s000903",
		"time": 17.639999999999986,
		"level": 1,
		"id": 63
	},
	"64": {
		"note_uid": "s000903",
		"time": 17.749999999999986,
		"level": 1,
		"id": 64
	},
	"65": {
		"note_uid": "s000903",
		"time": 17.859999999999985,
		"level": 1,
		"id": 65
	},
	"66": {
		"note_uid": "s000903",
		"time": 17.969999999999985,
		"level": 1,
		"id": 66
	},
	"67": {
		"note_uid": "s000903",
		"time": 18.079999999999984,
		"level": 1,
		"id": 67
	},
	"68": {
		"note_uid": "s000903",
		"time": 18.189999999999984,
		"level": 1,
		"id": 68
	},
	"69": {
		"note_uid": "s000903",
		"time": 18.299999999999983,
		"level": 1,
		"id": 69
	},
	"70": {
		"note_uid": "s000903",
		"time": 18.409999999999982,
		"level": 1,
		"id": 70
	},
	"71": {
		"note_uid": "s000903",
		"time": 18.519999999999985,
		"level": 1,
		"id": 71
	},
	"72": {
		"note_uid": "s000903",
		"time": 18.62999999999998,
		"level": 1,
		"id": 72
	},
	"73": {
		"note_uid": "s000903",
		"time": 18.73999999999998,
		"level": 1,
		"id": 73
	},
	"74": {
		"note_uid": "s000903",
		"time": 18.84999999999998,
		"level": 1,
		"id": 74
	},
	"75": {
		"note_uid": "s000903",
		"time": 18.95999999999998,
		"level": 1,
		"id": 75
	},
	"76": {
		"note_uid": "s000903",
		"time": 19.06999999999998,
		"level": 1,
		"id": 76
	},
	"77": {
		"note_uid": "s000904",
		"time": 19.179999999999975,
		"level": 1,
		"id": 77
	},
	"78": {
		"note_uid": "s000507",
		"time": 20,
		"level": 1,
		"id": 78
	}
}