{
	"1": {
		"time": 2.9,
		"level": 1,
		"id": 1,
		"note_uid": "s050100"
	},
	"2": {
		"time": 3.72,
		"level": 1,
		"id": 2,
		"note_uid": "s051301"
	},
	"3": {
		"time": 4.44,
		"level": 1,
		"id": 3,
		"note_uid": "s051301"
	},
	"4": {
		"time": 5.15,
		"level": 1,
		"id": 4,
		"note_uid": "s051301"
	},
	"5": {
		"time": 5.51,
		"level": 1,
		"id": 5,
		"note_uid": "s050901"
	},
	"6": {
		"time": 5.69,
		"level": 1,
		"id": 6,
		"note_uid": "s050901"
	},
	"7": {
		"time": 6.22,
		"level": 1,
		"id": 7,
		"note_uid": "s050501"
	},
	"8": {
		"time": 6.58,
		"level": 1,
		"id": 8,
		"note_uid": "s051301"
	},
	"9": {
		"time": 7.12,
		"level": 1,
		"id": 9,
		"note_uid": "s051301"
	},
	"10": {
		"time": 8.01,
		"level": 1,
		"id": 10,
		"note_uid": "s051301"
	},
	"11": {
		"time": 8.549999999999999,
		"level": 1,
		"id": 11,
		"note_uid": "s051301"
	},
	"12": {
		"time": 9.08,
		"level": 1,
		"id": 12,
		"note_uid": "s050501"
	},
	"13": {
		"time": 9.44,
		"level": 1,
		"id": 13,
		"note_uid": "s050501"
	},
	"14": {
		"time": 9.799999999999999,
		"level": 1,
		"id": 14,
		"note_uid": "s050501"
	},
	"15": {
		"time": 10.15,
		"level": 1,
		"id": 15,
		"note_uid": "s050501"
	},
	"16": {
		"time": 10.51,
		"level": 1,
		"id": 16,
		"note_uid": "s050501"
	},
	"17": {
		"time": 10.87,
		"level": 1,
		"id": 17,
		"note_uid": "s050501"
	},
	"18": {
		"time": 11.22,
		"level": 1,
		"id": 18,
		"note_uid": "s000701"
	},
	"19": {
		"time": 11.4,
		"level": 1,
		"id": 19,
		"note_uid": "s000701"
	},
	"20": {
		"time": 11.76,
		"level": 1,
		"id": 20,
		"note_uid": "s050901"
	},
	"21": {
		"time": 11.94,
		"level": 1,
		"id": 21,
		"note_uid": "s000701"
	},
	"22": {
		"time": 12.3,
		"level": 1,
		"id": 22,
		"note_uid": "s000601"
	},
	"23": {
		"time": 13.01,
		"level": 1,
		"id": 23,
		"note_uid": "s050201"
	},
	"24": {
		"time": 13.72,
		"level": 1,
		"id": 24,
		"note_uid": "s050201"
	},
	"25": {
		"time": 14.44,
		"level": 1,
		"id": 25,
		"note_uid": "s050201"
	},
	"26": {
		"time": 15.15,
		"level": 1,
		"id": 26,
		"note_uid": "s051301"
	},
	"27": {
		"time": 15.87,
		"level": 1,
		"id": 27,
		"note_uid": "s050202"
	},
	"28": {
		"time": 16.58,
		"level": 1,
		"id": 28,
		"note_uid": "s050201"
	},
	"29": {
		"time": 17.3,
		"level": 1,
		"id": 29,
		"note_uid": "s050201"
	},
	"30": {
		"time": 17.83,
		"level": 1,
		"id": 30,
		"note_uid": "s000701"
	},
	"31": {
		"time": 18.009999999999998,
		"level": 1,
		"id": 31,
		"note_uid": "s051301"
	},
	"32": {
		"time": 18.72,
		"level": 1,
		"id": 32,
		"note_uid": "s050202"
	},
	"33": {
		"time": 19.44,
		"level": 1,
		"id": 33,
		"note_uid": "s050201"
	},
	"34": {
		"time": 20.15,
		"level": 1,
		"id": 34,
		"note_uid": "s050201"
	},
	"35": {
		"time": 20.87,
		"level": 1,
		"id": 35,
		"note_uid": "s051301"
	},
	"36": {
		"time": 21.58,
		"level": 1,
		"id": 36,
		"note_uid": "s050202"
	},
	"37": {
		"time": 22.3,
		"level": 1,
		"id": 37,
		"note_uid": "s050201"
	},
	"38": {
		"time": 23.01,
		"level": 1,
		"id": 38,
		"note_uid": "s050501"
	},
	"39": {
		"time": 23.19,
		"level": 1,
		"id": 39,
		"note_uid": "s000701"
	},
	"40": {
		"time": 23.55,
		"level": 1,
		"id": 40,
		"note_uid": "s000701"
	},
	"41": {
		"time": 23.72,
		"level": 1,
		"id": 41,
		"note_uid": "s051301"
	},
	"42": {
		"time": 24.44,
		"level": 1,
		"id": 42,
		"note_uid": "s050202"
	},
	"43": {
		"time": 25.15,
		"level": 1,
		"id": 43,
		"note_uid": "s050201"
	},
	"44": {
		"time": 25.87,
		"level": 1,
		"id": 44,
		"note_uid": "s050201"
	},
	"45": {
		"time": 26.58,
		"level": 1,
		"id": 45,
		"note_uid": "s051301"
	},
	"46": {
		"time": 27.3,
		"level": 1,
		"id": 46,
		"note_uid": "s050202"
	},
	"47": {
		"time": 28.01,
		"level": 1,
		"id": 47,
		"note_uid": "s050201"
	},
	"48": {
		"time": 28.72,
		"level": 1,
		"id": 48,
		"note_uid": "s050201"
	},
	"49": {
		"time": 29.26,
		"level": 1,
		"id": 49,
		"note_uid": "s000701"
	},
	"50": {
		"time": 29.44,
		"level": 1,
		"id": 50,
		"note_uid": "s051301"
	},
	"51": {
		"time": 30.15,
		"level": 1,
		"id": 51,
		"note_uid": "s050202"
	},
	"52": {
		"time": 30.87,
		"level": 1,
		"id": 52,
		"note_uid": "s050201"
	},
	"53": {
		"time": 31.58,
		"level": 1,
		"id": 53,
		"note_uid": "s050501"
	},
	"54": {
		"time": 31.76,
		"level": 1,
		"id": 54,
		"note_uid": "s000701"
	},
	"55": {
		"time": 32.120000000000005,
		"level": 1,
		"id": 55,
		"note_uid": "s000701"
	},
	"56": {
		"time": 32.300000000000004,
		"level": 1,
		"id": 56,
		"note_uid": "s051301"
	},
	"57": {
		"time": 34.080000000000005,
		"level": 1,
		"id": 57,
		"note_uid": "s050101"
	},
	"58": {
		"time": 35.150000000000006,
		"level": 1,
		"id": 58,
		"note_uid": "s051102"
	},
	"59": {
		"time": 35.870000000000005,
		"level": 1,
		"id": 59,
		"note_uid": "s051102"
	},
	"60": {
		"time": 36.580000000000005,
		"level": 1,
		"id": 60,
		"note_uid": "s051102"
	},
	"61": {
		"time": 37.3,
		"level": 1,
		"id": 61,
		"note_uid": "s051102"
	},
	"62": {
		"time": 38.010000000000005,
		"level": 1,
		"id": 62,
		"note_uid": "s051001"
	},
	"63": {
		"time": 38.190000000000005,
		"level": 1,
		"id": 63,
		"note_uid": "s051001"
	},
	"64": {
		"time": 38.370000000000005,
		"level": 1,
		"id": 64,
		"note_uid": "s051102"
	},
	"65": {
		"time": 38.720000000000006,
		"level": 1,
		"id": 65,
		"note_uid": "s051001"
	},
	"66": {
		"time": 38.900000000000006,
		"level": 1,
		"id": 66,
		"note_uid": "s051001"
	},
	"67": {
		"time": 39.080000000000005,
		"level": 1,
		"id": 67,
		"note_uid": "s051102"
	},
	"68": {
		"time": 39.440000000000005,
		"level": 1,
		"id": 68,
		"note_uid": "s051001"
	},
	"69": {
		"time": 39.620000000000005,
		"level": 1,
		"id": 69,
		"note_uid": "s051001"
	},
	"70": {
		"time": 39.8,
		"level": 1,
		"id": 70,
		"note_uid": "s051102"
	},
	"71": {
		"time": 40.150000000000006,
		"level": 1,
		"id": 71,
		"note_uid": "s051001"
	},
	"72": {
		"time": 40.330000000000005,
		"level": 1,
		"id": 72,
		"note_uid": "s051001"
	},
	"73": {
		"time": 40.510000000000005,
		"level": 1,
		"id": 73,
		"note_uid": "s051102"
	},
	"74": {
		"time": 40.870000000000005,
		"level": 1,
		"id": 74,
		"note_uid": "s051102"
	},
	"75": {
		"time": 41.400000000000006,
		"level": 1,
		"id": 75,
		"note_uid": "s051401"
	},
	"76": {
		"time": 41.760000000000005,
		"level": 1,
		"id": 76,
		"note_uid": "s051401"
	},
	"77": {
		"time": 42.120000000000005,
		"level": 1,
		"id": 77,
		"note_uid": "s051401"
	},
	"78": {
		"time": 42.3,
		"level": 1,
		"id": 78,
		"note_uid": "s051102"
	},
	"79": {
		"time": 42.830000000000005,
		"level": 1,
		"id": 79,
		"note_uid": "s051401"
	},
	"80": {
		"time": 43.190000000000005,
		"level": 1,
		"id": 80,
		"note_uid": "s051401"
	},
	"81": {
		"time": 43.55,
		"level": 1,
		"id": 81,
		"note_uid": "s051401"
	},
	"82": {
		"time": 43.720000000000006,
		"level": 1,
		"id": 82,
		"note_uid": "s051102"
	},
	"83": {
		"time": 44.260000000000005,
		"level": 1,
		"id": 83,
		"note_uid": "s051401"
	},
	"84": {
		"time": 44.620000000000005,
		"level": 1,
		"id": 84,
		"note_uid": "s051401"
	},
	"85": {
		"time": 44.970000000000006,
		"level": 1,
		"id": 85,
		"note_uid": "s051401"
	},
	"86": {
		"time": 45.150000000000006,
		"level": 1,
		"id": 86,
		"note_uid": "s051102"
	},
	"87": {
		"time": 45.690000000000005,
		"level": 1,
		"id": 87,
		"note_uid": "s051401"
	},
	"88": {
		"time": 46.05,
		"level": 1,
		"id": 88,
		"note_uid": "s051401"
	},
	"89": {
		"time": 46.400000000000006,
		"level": 1,
		"id": 89,
		"note_uid": "s051401"
	},
	"90": {
		"time": 46.580000000000005,
		"level": 1,
		"id": 90,
		"note_uid": "s051102"
	},
	"91": {
		"time": 47.120000000000005,
		"level": 1,
		"id": 91,
		"note_uid": "s051401"
	},
	"92": {
		"time": 47.470000000000006,
		"level": 1,
		"id": 92,
		"note_uid": "s051401"
	},
	"93": {
		"time": 47.830000000000005,
		"level": 1,
		"id": 93,
		"note_uid": "s051401"
	},
	"94": {
		"time": 48.010000000000005,
		"level": 1,
		"id": 94,
		"note_uid": "s051102"
	},
	"95": {
		"time": 48.55,