{
	"1": {
		"note_uid": "s050303",
		"time": 4.38,
		"level": 1,
		"id": 1
	},
	"2": {
		"note_uid": "s050303",
		"time": 8.739999999999998,
		"level": 1,
		"id": 2
	},
	"3": {
		"note_uid": "s050802",
		"time": 10.65,
		"level": 1,
		"id": 3
	},
	"4": {
		"note_uid": "s050303",
		"time": 13.1,
		"level": 1,
		"id": 4
	},
	"5": {
		"note_uid": "s050303",
		"time": 14.19,
		"level": 1,
		"id": 5
	},
	"6": {
		"note_uid": "s050802",
		"time": 15.01,
		"level": 1,
		"id": 6
	},
	"7": {
		"note_uid": "s050201",
		"time": 17.46,
		"level": 1,
		"id": 7
	},
	"8": {
		"note_uid": "s050303",
		"time": 19.65,
		"level": 1,
		"id": 8
	},
	"9": {
		"note_uid": "s050303",
		"time": 20.19,
		"level": 1,
		"id": 9
	},
	"10": {
		"note_uid": "s050802",
		"time": 20.6,
		"level": 1,
		"id": 10
	},
	"11": {
		"note_uid": "s050201",
		"time": 21.83,
		"level": 1,
		"id": 11
	},
	"12": {
		"note_uid": "s050303",
		"time": 24.01,
		"level": 1,
		"id": 12
	},
	"13": {
		"note_uid": "s050303",
		"time": 24.55,
		"level": 1,
		"id": 13
	},
	"14": {
		"note_uid": "s050802",
		"time": 24.97,
		"level": 1,
		"id": 14
	},
	"15": {
		"note_uid": "s050301",
		"time": 26.19,
		"level": 1,
		"id": 15
	},
	"16": {
		"note_uid": "s050301",
		"time": 27.28,
		"level": 1,
		"id": 16
	},
	"17": {
		"note_uid": "s040303",
		"time": 28.37,
		"level": 1,
		"id": 17
	},
	"18": {
		"note_uid": "s040303",
		"time": 28.92,
		"level": 1,
		"id": 18
	},
	"19": {
		"note_uid": "s040303",
		"time": 29.33,
		"level": 1,
		"id": 19
	},
	"20": {
		"note_uid": "s050201",
		"time": 30.01,
		"level": 1,
		"id": 20
	},
	"21": {
		"note_uid": "s050801",
		"time": 30.55,
		"level": 1,
		"id": 21
	},
	"22": {
		"note_uid": "s050801",
		"time": 31.1,
		"level": 1,
		"id": 22
	},
	"23": {
		"note_uid": "s050601",
		"time": 31.64,
		"level": 1,
		"id": 23
	},
	"24": {
		"note_uid": "s050601",
		"time": 32.06,
		"level": 1,
		"id": 24
	},
	"25": {
		"note_uid": "s050601",
		"time": 32.46,
		"level": 1,
		"id": 25
	},
	"26": {
		"note_uid": "s050601",
		"time": 34.92,
		"level": 1,
		"id": 26
	},
	"27": {
		"note_uid": "s050601",
		"time": 35.330000000000005,
		"level": 1,
		"id": 27
	},
	"28": {
		"note_uid": "s050601",
		"time": 36.010000000000005,
		"level": 1,
		"id": 28
	},
	"29": {
		"note_uid": "s050601",
		"time": 36.42,
		"level": 1,
		"id": 29
	},
	"30": {
		"note_uid": "s050601",
		"time": 36.830000000000005,
		"level": 1,
		"id": 30
	},
	"31": {
		"note_uid": "s050201",
		"time": 37.650000000000006,
		"level": 1,
		"id": 31
	},
	"32": {
		"note_uid": "s050201",
		"time": 38.74,
		"level": 1,
		"id": 32
	},
	"33": {
		"note_uid": "s050601",
		"time": 39.28,
		"level": 1,
		"id": 33
	},
	"34": {
		"note_uid": "s050601",
		"time": 39.690000000000005,
		"level": 1,
		"id": 34
	},
	"35": {
		"note_uid": "s040303",
		"time": 40.370000000000005,
		"level": 1,
		"id": 35
	},
	"36": {
		"note_uid": "s040303",
		"time": 40.78,
		"level": 1,
		"id": 36
	},
	"37": {
		"note_uid": "s040303",
		"time": 41.190000000000005,
		"level": 1,
		"id": 37
	},
	"38": {
		"note_uid": "s050201",
		"time": 42.010000000000005,
		"level": 1,
		"id": 38
	},
	"39": {
		"note_uid": "s050201",
		"time": 43.1,
		"level": 1,
		"id": 39
	},
	"40": {
		"note_uid": "s011101",
		"time": 43.650000000000006,
		"level": 1,
		"id": 40
	},
	"41": {
		"note_uid": "s011101",
		"time": 44.05,
		"level": 1,
		"id": 41
	},
	"42": {
		"note_uid": "s011101",
		"time": 44.74,
		"level": 1,
		"id": 42
	},
	"43": {
		"note_uid": "s011101",
		"time": 45.150000000000006,
		"level": 1,
		"id": 43
	},
	"44": {
		"note_uid": "s011101",
		"time": 45.55,
		"level": 1,
		"id": 44
	},
	"45": {
		"note_uid": "s050201",
		"time": 46.370000000000005,
		"level": 1,
		"id": 45
	},
	"46": {
		"note_uid": "s050201",
		"time": 47.46,
		"level": 1,
		"id": 46
	},
	"47": {
		"note_uid": "s011101",
		"time": 48.010000000000005,
		"level": 1,
		"id": 47
	},
	"48": {
		"note_uid": "s011101",
		"time": 48.42,
		"level": 1,
		"id": 48
	},
	"49": {
		"note_uid": "s011104",
		"time": 49.1,
		"level": 1,
		"id": 49
	},
	"50": {
		"note_uid": "s011104",
		"time": 49.510000000000005,
		"level": 1,
		"id": 50
	},
	"51": {
		"note_uid": "s011104",
		"time": 49.92,
		"level": 1,
		"id": 51
	},
	"52": {
		"note_uid": "s050202",
		"time": 50.74,
		"level": 1,
		"id": 52
	},
	"53": {
		"note_uid": "s050202",
		"time": 51.830000000000005,
		"level": 1,
		"id": 53
	},
	"54": {
		"note_uid": "s011101",
		"time": 52.370000000000005,
		"level": 1,
		"id": 54
	},
	"55": {
		"note_uid": "s011101",
		"time": 52.78,
		"level": 1,
		"id": 55
	},
	"56": {
		"note_uid": "s011103",
		"time": 53.46,
		"level": 1,
		"id": 56
	},
	"57": {
		"note_uid": "s011103",
		"time": 53.870000000000005,
		"level": 1,
		"id": 57
	},
	"58": {
		"note_uid": "s011103",
		"time": 54.28,
		"level": 1,
		"id": 58
	},
	"59": {
		"note_uid": "s050202",
		"time": 55.1,
		"level": 1,
		"id": 59
	},
	"60": {
		"note_uid": "s050202",
		"time": 56.190000000000005,
		"level": 1,
		"id": 60
	},
	"61": {
		"note_uid": "s050301",
		"time": 56.73,
		"level": 1,
		"id": 61
	},
	"62": {
		"note_uid": "s050301",
		"time": 57.830000000000005,
		"level": 1,
		"id": 62
	},
	"63": {
		"note_uid": "s040303",
		"time": 58.91,
		"level": 1,
		"id": 63
	},
	"64": {
		"note_uid": "s040303",
		"time": 59.46,
		"level": 1,
		"id": 64
	},
	"65": {
		"note_uid": "s040303",
		"time": 60.010000000000005,
		"level": 1,
		"id": 65
	},
	"66": {
		"note_uid": "s000701",
		"time": 60.55,
		"level": 1,
		"id": 66
	},
	"67": {
		"note_uid": "s050803",
		"time": 61.1,
		"level": 1,
		"id": 67
	},
	"68": {
		"note_uid": "s050803",
		"time": 61.64,
		"level": 1,
		"id": 68
	},
	"69": {
		"note_uid": "s050601",
		"time": 62.190000000000005,
		"level": 1,
		"id": 69
	},
	"70": {
		"note_uid": "s050601",
		"time": 62.6,
		"level": 1,
		"id": 70
	},
	"71": {
		"note_uid": "s050601",
		"time": 63.010000000000005,
		"level": 1,
		"id": 71
	},
	"72": {
		"note_uid": "s050901",
		"time": 63.55,
		"level": 1,
		"id": 72
	},
	"73": {
		"note_uid": "s050901",
		"time": 63.830000000000005,
		"level": 1,
		"id": 73
	},
	"74": {
		"note_uid": "s050901",
		"time": 64.10000000000001,
		"level": 1,
		"id": 74
	},
	"75": {
		"note_uid": "s050901",
		"time": 64.37,
		"level": 1,
		"id": 75
	},
	"76": {
		"note_uid": "s050202",
		"time": 64.92,
		"level": 1,
		"id": 76
	},
	"77": {
		"note_uid": "s000701",
		"time": 65.46000000000001,
		"level": 1,
		"id": 77
	},
	"78": {
		"note_uid": "s011101",
		"time": 66.55,
		"level": 1,
		"id": 78
	},
	"79": {
		"note_uid": "s011101",
		"time": 66.96000000000001,
		"level": 1,
		"id": 79
	},
	"80": {
		"note_uid": "s011101",
		"time": 67.37,
		"level": 1,
		"id": 80
	},
	"81": {
		"note_uid": "s050301",
		"time": 68.73,
		"level": 1,
		"id": 81
	},
	"82": {
		"note_uid": "s050301",
		"time": 69.28,
		"level": 1,
		"id": 82
	}
}