{
	"1": {
		"time": 3.68,
		"level": 1,
		"id": 1,
		"note_uid": "s050601"
	},
	"2": {
		"time": 4.8500000000000005,
		"level": 1,
		"id": 2,
		"note_uid": "s050601"
	},
	"3": {
		"time": 5.44,
		"level": 1,
		"id": 3,
		"note_uid": "s050601"
	},
	"4": {
		"time": 5.74,
		"level": 1,
		"id": 4,
		"note_uid": "s050601"
	},
	"5": {
		"time": 6.03,
		"level": 1,
		"id": 5,
		"note_uid": "s050601"
	},
	"6": {
		"time": 6.62,
		"level": 1,
		"id": 6,
		"note_uid": "s050201"
	},
	"7": {
		"time": 7.21,
		"level": 1,
		"id": 7,
		"note_uid": "s050601"
	},
	"8": {
		"time": 7.79,
		"level": 1,
		"id": 8,
		"note_uid": "s050201"
	},
	"9": {
		"time": 8.379999999999999,
		"level": 1,
		"id": 9,
		"note_uid": "s050601"
	},
	"10": {
		"time": 8.969999999999999,
		"level": 1,
		"id": 10,
		"note_uid": "s050201"
	},
	"11": {
		"time": 9.559999999999999,
		"level": 1,
		"id": 11,
		"note_uid": "s050601"
	},
	"12": {
		"time": 10.15,
		"level": 1,
		"id": 12,
		"note_uid": "s050601"
	},
	"13": {
		"time": 10.739999999999998,
		"level": 1,
		"id": 13,
		"note_uid": "s050601"
	},
	"14": {
		"time": 11.32,
		"level": 1,
		"id": 14,
		"note_uid": "s050201"
	},
	"15": {
		"time": 11.91,
		"level": 1,
		"id": 15,
		"note_uid": "s050601"
	},
	"16": {
		"time": 12.5,
		"level": 1,
		"id": 16,
		"note_uid": "s050201"
	},
	"17": {
		"time": 13.09,
		"level": 1,
		"id": 17,
		"note_uid": "s050601"
	},
	"18": {
		"time": 13.68,
		"level": 1,
		"id": 18,
		"note_uid": "s050201"
	},
	"19": {
		"time": 14.26,
		"level": 1,
		"id": 19,
		"note_uid": "s051301"
	},
	"20": {
		"time": 14.85,
		"level": 1,
		"id": 20,
		"note_uid": "s051301"
	},
	"21": {
		"time": 15.44,
		"level": 1,
		"id": 21,
		"note_uid": "s051301"
	},
	"22": {
		"time": 16.029999999999998,
		"level": 1,
		"id": 22,
		"note_uid": "s050202"
	},
	"23": {
		"time": 16.62,
		"level": 1,
		"id": 23,
		"note_uid": "s051301"
	},
	"24": {
		"time": 17.21,
		"level": 1,
		"id": 24,
		"note_uid": "s051301"
	},
	"25": {
		"time": 17.79,
		"level": 1,
		"id": 25,
		"note_uid": "s051301"
	},
	"26": {
		"time": 18.38,
		"level": 1,
		"id": 26,
		"note_uid": "s050202"
	},
	"27": {
		"time": 18.97,
		"level": 1,
		"id": 27,
		"note_uid": "s051301"
	},
	"28": {
		"time": 19.26,
		"level": 1,
		"id": 28,
		"note_uid": "s051301"
	},
	"29": {
		"time": 19.56,
		"level": 1,
		"id": 29,
		"note_uid": "s051301"
	},
	"30": {
		"time": 19.85,
		"level": 1,
		"id": 30,
		"note_uid": "s051301"
	},
	"31": {
		"time": 20.15,
		"level": 1,
		"id": 31,
		"note_uid": "s051301"
	},
	"32": {
		"time": 20.74,
		"level": 1,
		"id": 32,
		"note_uid": "s050202"
	},
	"33": {
		"time": 21.32,
		"level": 1,
		"id": 33,
		"note_uid": "s050601"
	},
	"34": {
		"time": 21.91,
		"level": 1,
		"id": 34,
		"note_uid": "s050601"
	},
	"35": {
		"time": 22.21,
		"level": 1,
		"id": 35,
		"note_uid": "s050601"
	},
	"36": {
		"time": 22.5,
		"level": 1,
		"id": 36,
		"note_uid": "s050601"
	},
	"37": {
		"time": 22.94,
		"level": 1,
		"id": 37,
		"note_uid": "s000701"
	},
	"38": {
		"time": 23.09,
		"level": 1,
		"id": 38,
		"note_uid": "s000503"
	},
	"39": {
		"time": 23.68,
		"level": 1,
		"id": 39,
		"note_uid": "s050601"
	},
	"40": {
		"time": 23.97,
		"level": 1,
		"id": 40,
		"note_uid": "s050601"
	},
	"41": {
		"time": 24.26,
		"level": 1,
		"id": 41,
		"note_uid": "s050601"
	},
	"42": {
		"time": 24.56,
		"level": 1,
		"id": 42,
		"note_uid": "s050601"
	},
	"43": {
		"time": 24.85,
		"level": 1,
		"id": 43,
		"note_uid": "s050601"
	},
	"44": {
		"time": 25.44,
		"level": 1,
		"id": 44,
		"note_uid": "s050201"
	},
	"45": {
		"time": 26.03,
		"level": 1,
		"id": 45,
		"note_uid": "s051101"
	},
	"46": {
		"time": 26.32,
		"level": 1,
		"id": 46,
		"note_uid": "s051101"
	},
	"47": {
		"time": 26.62,
		"level": 1,
		"id": 47,
		"note_uid": "s051101"
	},
	"48": {
		"time": 26.91,
		"level": 1,
		"id": 48,
		"note_uid": "s051101"
	},
	"49": {
		"time": 27.21,
		"level": 1,
		"id": 49,
		"note_uid": "s051101"
	},
	"50": {
		"time": 27.79,
		"level": 1,
		"id": 50,
		"note_uid": "s050201"
	},
	"51": {
		"time": 28.09,
		"level": 1,
		"id": 51,
		"note_uid": "s050901"
	},
	"52": {
		"time": 28.38,
		"level": 1,
		"id": 52,
		"note_uid": "s050901"
	},
	"53": {
		"time": 28.68,
		"level": 1,
		"id": 53,
		"note_uid": "s050201"
	},
	"54": {
		"time": 28.97,
		"level": 1,
		"id": 54,
		"note_uid": "s050901"
	},
	"55": {
		"time": 29.26,
		"level": 1,
		"id": 55,
		"note_uid": "s050901"
	},
	"56": {
		"time": 29.56,
		"level": 1,
		"id": 56,
		"note_uid": "s050901"
	},
	"57": {
		"time": 30.15,
		"level": 1,
		"id": 57,
		"note_uid": "s050601"
	},
	"58": {
		"time": 30.74,
		"level": 1,
		"id": 58,
		"note_uid": "s050601"
	},
	"59": {
		"time": 31.32,
		"level": 1,
		"id": 59,
		"note_uid": "s050201"
	},
	"60": {
		"time": 31.62,
		"level": 1,
		"id": 60,
		"note_uid": "s050901"
	},
	"61": {
		"time": 31.91,
		"level": 1,
		"id": 61,
		"note_uid": "s050901"
	},
	"62": {
		"time": 32.35,
		"level": 1,
		"id": 62,
		"note_uid": "s000701"
	},
	"63": {
		"time": 32.5,
		"level": 1,
		"id": 63,
		"note_uid": "s000504"
	},
	"64": {
		"time": 32.790000000000006,
		"level": 1,
		"id": 64,
		"note_uid": "s050901"
	},
	"65": {
		"time": 33.09,
		"level": 1,
		"id": 65,
		"note_uid": "s050901"
	},
	"66": {
		"time": 33.38,
		"level": 1,
		"id": 66,
		"note_uid": "s050901"
	},
	"67": {
		"time": 33.68,
		"level": 1,
		"id": 67,
		"note_uid": "s050201"
	},
	"68": {
		"time": 33.970000000000006,
		"level": 1,
		"id": 68,
		"note_uid": "s050901"
	},
	"69": {
		"time": 34.260000000000005,
		"level": 1,
		"id": 69,
		"note_uid": "s050901"
	},
	"70": {
		"time": 34.85,
		"level": 1,
		"id": 70,
		"note_uid": "s050601"
	},
	"71": {
		"time": 35.440000000000005,
		"level": 1,
		"id": 71,
		"note_uid": "s051101"
	},
	"72": {
		"time": 35.74,
		"level": 1,
		"id": 72,
		"note_uid": "s051101"
	},
	"73": {
		"time": 36.03,
		"level": 1,
		"id": 73,
		"note_uid": "s051101"
	},
	"74": {
		"time": 36.32,
		"level": 1,
		"id": 74,
		"note_uid": "s051101"
	},
	"75": {
		"time": 36.620000000000005,
		"level": 1,
		"id": 75,
		"note_uid": "s051101"
	},
	"76": {
		"time": 37.21,
		"level": 1,
		"id": 76,
		"note_uid": "s050202"
	},
	"77": {
		"time": 37.5,
		"level": 1,
		"id": 77,
		"note_uid": "s050901"
	},
	"78": {
		"time": 37.790000000000006,
		"level": 1,
		"id": 78,
		"note_uid": "s050901"
	},
	"79": {
		"time": 38.38,
		"level": 1,
		"id": 79,
		"note_uid": "s050201"
	},
	"80": {
		"time": 38.970000000000006,
		"level": 1,
		"id": 80,
		"note_uid": "s000601"
	},
	"81": {
		"time": 40.74,
		"level": 1,
		"id": 81,
		"note_uid": "s050201"
	},
	"82": {
		"time": 41.32,
		"level": 1,
		"id": 82,
		"note_uid": "s050601"
	},
	"83": {
		"time": 41.91,
		"level": 1,
		"id": 83,
		"note_uid": "s050201"
	},
	"84": {
		"time": 42.5,
		"level": 1,
		"id": 84,
		"note_uid": "s050601"
	},
	"85": {
		"time": 43.09,
		"level": 1,
		"id": 85,
		"note_uid": "s050601"
	},
	"86": {
		"time": 43.68,
		"level": 1,
		"id": 86,
		"note_uid": "s050601"
	},
	"87": {
		"time": 44.260000000000005,
		"level": 1,
		"id": 87,
		"note_uid": "s050201"
	},
	"88": {
		"time": 44.85,
		"level": 1,
		"id": 88,
		"note_uid": "s050601"
	},
	"89": {
		"time": 45.440000000000005,
		"level": 1,
		"id": 89,
		"note_uid": "s050601"
	},
	"90": {
		"time": 46.03,
		"level": 1,
		"id": 90,
		"note_uid": "s050601"
	},
	"91": {
		"time": 46.620000000000005,
		"level": 1,
		"id": 91,
		"note_uid": "s050201"
	},
	"92": {
		"time": 47.21,
		"level": 1,
		"id": 92,
		"note_uid": "s050601"
	},
	"93": {
		"time": 47.790000000000006,
		"level": 1,
		"id": 93,
		"note_uid": "s050601"
	},
	"94": {
		"time": 48.38,
		"level": 1,
		"id": 94,
		"note_uid": "s050601"
	},
	"95": {
		"time": 48.970000000000006,
		"level": 1,
		"id": 95,
		"note_uid": "s050201"
	},
	"96": {
		"time": 49.56,
		"level": 1,
		"id": 96,
		"note_uid": "s050601"
	},
	"97": {
		"time": 50.150000000000006,
		"level": 1,
		"id": 97,
		"note_uid": "s050201"
	},