{
	"1": {
		"time": 2.8200000000000003,
		"note_uid": "s040201",
		"id": 1,
		"level": 1
	},
	"2": {
		"time": 3.51,
		"note_uid": "s040301",
		"id": 2,
		"level": 1
	},
	"3": {
		"time": 4.0200000000000005,
		"note_uid": "s040301",
		"id": 3,
		"level": 1
	},
	"4": {
		"time": 5.58,
		"note_uid": "s040601",
		"id": 4,
		"level": 1
	},
	"5": {
		"time": 6.2700000000000005,
		"note_uid": "s040301",
		"id": 5,
		"level": 1
	},
	"6": {
		"time": 6.78,
		"note_uid": "s040301",
		"id": 6,
		"level": 1
	},
	"7": {
		"time": 8.33,
		"note_uid": "s040601",
		"id": 7,
		"level": 1
	},
	"8": {
		"time": 9.02,
		"note_uid": "s040601",
		"id": 8,
		"level": 1
	},
	"9": {
		"time": 9.54,
		"note_uid": "s040201",
		"id": 9,
		"level": 1
	},
	"10": {
		"time": 11.09,
		"note_uid": "s000503",
		"id": 10,
		"level": 1
	},
	"11": {
		"time": 11.61,
		"note_uid": "s000903",
		"id": 11,
		"level": 1
	},
	"12": {
		"time": 11.71,
		"note_uid": "s000903",
		"id": 12,
		"level": 1
	},
	"13": {
		"time": 11.81,
		"note_uid": "s000903",
		"id": 13,
		"level": 1
	},
	"14": {
		"time": 11.909999999999998,
		"note_uid": "s000903",
		"id": 14,
		"level": 1
	},
	"15": {
		"time": 12.009999999999998,
		"note_uid": "s000903",
		"id": 15,
		"level": 1
	},
	"16": {
		"time": 12.109999999999998,
		"note_uid": "s000903",
		"id": 16,
		"level": 1
	},
	"17": {
		"time": 12.21,
		"note_uid": "s000904",
		"id": 17,
		"level": 1
	},
	"18": {
		"time": 12.3,
		"note_uid": "s000508",
		"id": 18,
		"level": 1
	},
	"19": {
		"time": 12.65,
		"note_uid": "s040901",
		"id": 19,
		"level": 1
	},
	"20": {
		"time": 12.989999999999998,
		"note_uid": "s040901",
		"id": 20,
		"level": 1
	},
	"21": {
		"time": 13.33,
		"note_uid": "s040901",
		"id": 21,
		"level": 1
	},
	"22": {
		"time": 13.85,
		"note_uid": "s040802",
		"id": 22,
		"level": 1
	},
	"23": {
		"time": 14.37,
		"note_uid": "s040402",
		"id": 23,
		"level": 1
	},
	"24": {
		"time": 14.71,
		"note_uid": "s040402",
		"id": 24,
		"level": 1
	},
	"25": {
		"time": 15.06,
		"note_uid": "s000903",
		"id": 25,
		"level": 1
	},
	"26": {
		"time": 15.159999999999998,
		"note_uid": "s000903",
		"id": 26,
		"level": 1
	},
	"27": {
		"time": 15.259999999999998,
		"note_uid": "s000903",
		"id": 27,
		"level": 1
	},
	"28": {
		"time": 15.359999999999998,
		"note_uid": "s000903",
		"id": 28,
		"level": 1
	},
	"29": {
		"time": 15.459999999999996,
		"note_uid": "s000903",
		"id": 29,
		"level": 1
	},
	"30": {
		"time": 15.559999999999995,
		"note_uid": "s000903",
		"id": 30,
		"level": 1
	},
	"31": {
		"time": 15.659999999999997,
		"note_uid": "s000903",
		"id": 31,
		"level": 1
	},
	"32": {
		"time": 15.759999999999996,
		"note_uid": "s000903",
		"id": 32,
		"level": 1
	},
	"33": {
		"time": 15.859999999999996,
		"note_uid": "s000903",
		"id": 33,
		"level": 1
	},
	"34": {
		"time": 15.959999999999996,
		"note_uid": "s000903",
		"id": 34,
		"level": 1
	},
	"35": {
		"time": 16.06,
		"note_uid": "s000903",
		"id": 35,
		"level": 1
	},
	"36": {
		"time": 16.16,
		"note_uid": "s000903",
		"id": 36,
		"level": 1
	},
	"37": {
		"time": 16.259999999999998,
		"note_uid": "s000904",
		"id": 37,
		"level": 1
	},
	"38": {
		"time": 16.61,
		"note_uid": "s040202",
		"id": 38,
		"level": 1
	},
	"39": {
		"time": 17.13,
		"note_uid": "s000903",
		"id": 39,
		"level": 1
	},
	"40": {
		"time": 17.23,
		"note_uid": "s000903",
		"id": 40,
		"level": 1
	},
	"41": {
		"time": 17.330000000000002,
		"note_uid": "s000903",
		"id": 41,
		"level": 1
	},
	"42": {
		"time": 17.430000000000003,
		"note_uid": "s000903",
		"id": 42,
		"level": 1
	},
	"43": {
		"time": 17.530000000000005,
		"note_uid": "s000903",
		"id": 43,
		"level": 1
	},
	"44": {
		"time": 17.630000000000006,
		"note_uid": "s000903",
		"id": 44,
		"level": 1
	},
	"45": {
		"time": 17.730000000000008,
		"note_uid": "s000904",
		"id": 45,
		"level": 1
	},
	"46": {
		"time": 17.82,
		"note_uid": "s000508",
		"id": 46,
		"level": 1
	},
	"47": {
		"time": 18.16,
		"note_uid": "s040901",
		"id": 47,
		"level": 1
	},
	"48": {
		"time": 18.51,
		"note_uid": "s040901",
		"id": 48,
		"level": 1
	},
	"49": {
		"time": 18.85,
		"note_uid": "s040901",
		"id": 49,
		"level": 1
	},
	"50": {
		"time": 19.37,
		"note_uid": "s040802",
		"id": 50,
		"level": 1
	},
	"51": {
		"time": 19.89,
		"note_uid": "s040802",
		"id": 51,
		"level": 1
	},
	"52": {
		"time": 20.58,
		"note_uid": "s040601",
		"id": 52,
		"level": 1
	},
	"53": {
		"time": 21.44,
		"note_uid": "s040601",
		"id": 53,
		"level": 1
	},
	"54": {
		"time": 22.13,
		"note_uid": "s000701",
		"id": 54,
		"level": 1
	},
	"55": {
		"time": 22.65,
		"note_uid": "s000903",
		"id": 55,
		"level": 1
	},
	"56": {
		"time": 22.75,
		"note_uid": "s000903",
		"id": 56,
		"level": 1
	},
	"57": {
		"time": 22.85,
		"note_uid": "s000903",
		"id": 57,
		"level": 1
	},
	"58": {
		"time": 22.950000000000003,
		"note_uid": "s000903",
		"id": 58,
		"level": 1
	},
	"59": {
		"time": 23.050000000000004,
		"note_uid": "s000903",
		"id": 59,
		"level": 1
	},
	"60": {
		"time": 23.15000000000001,
		"note_uid": "s000903",
		"id": 60,
		"level": 1
	},
	"61": {
		"time": 23.250000000000007,
		"note_uid": "s000904",
		"id": 61,
		"level": 1
	},
	"62": {
		"time": 23.33,
		"note_uid": "s000508",
		"id": 62,
		"level": 1
	},
	"63": {
		"time": 23.68,
		"note_uid": "s040901",
		"id": 63,
		"level": 1
	},
	"64": {
		"time": 24.02,
		"note_uid": "s040901",
		"id": 64,
		"level": 1
	},
	"65": {
		"time": 24.37,
		"note_uid": "s040901",
		"id": 65,
		"level": 1
	},
	"66": {
		"time": 24.89,
		"note_uid": "s040802",
		"id": 66,
		"level": 1
	},
	"67": {
		"time": 25.4,
		"note_uid": "s040402",
		"id": 67,
		"level": 1
	},
	"68": {
		"time": 25.75,
		"note_uid": "s040402",
		"id": 68,
		"level": 1
	},
	"69": {
		"time": 26.09,
		"note_uid": "s000903",
		"id": 69,
		"level": 1
	},
	"70": {
		"time": 26.19,
		"note_uid": "s000903",
		"id": 70,
		"level": 1
	},
	"71": {
		"time": 26.290000000000003,
		"note_uid": "s000903",
		"id": 71,
		"level": 1
	},
	"72": {
		"time": 26.390000000000004,
		"note_uid": "s000903",
		"id": 72,
		"level": 1
	},
	"73": {
		"time": 26.49000000000001,
		"note_uid": "s000903",
		"id": 73,
		"level": 1
	},
	"74": {
		"time": 26.590000000000007,
		"note_uid": "s000903",
		"id": 74,
		"level": 1
	},
	"75": {
		"time": 26.69000000000001,
		"note_uid": "s000903",
		"id": 75,
		"level": 1
	},
	"76": {
		"time": 26.79,
		"note_uid": "s000904",
		"id": 76,
		"level": 1
	},
	"77": {
		"time": 26.96,
		"note_uid": "s000508",
		"id": 77,
		"level": 1
	},
	"78": {
		"time": 27.65,
		"note_uid": "s000702",
		"id": 78,
		"level": 1
	},
	"79": {
		"time": 28.16,
		"note_uid": "s000903",
		"id": 79,
		"level": 1
	},
	"80": {
		"time": 28.26,
		"note_uid": "s000903",
		"id": 80,
		"level": 1
	},
	"81": {
		"time": 28.360000000000003,
		"note_uid": "s000903",
		"id": 81,
		"level": 1
	},
	"82": {
		"time": 28.460000000000004,
		"note_uid": "s000903",
		"id": 82,
		"level": 1
	},
	"83": {
		"time": 28.56000000000001,
		"note_uid": "s000903",
		"id": 83,
		"level": 1
	},
	"84": {
		"time": 28.660000000000007,
		"note_uid": "s000903",
		"id": 84,
		"level": 1
	},
	"85": {
		"time": 28.76000000000001,
		"note_uid": "s000904",
		"id": 85,
		"level": 1
	},
	"86": {
		"time": 28.85,
		"note_uid": "s000508",
		"id": 86,
		"level": 1
	},
	"87": {
		"time": 29.2,
		"note_uid": "s040901",
		"id": 87,
		"level": 1
	},
	"88": {
		"time": 29.54,
		"note_uid": "s040901",
		"id": 88,
		"level": 1
	},
	"89": {
		"time": 29.89,
		"note_uid": "s040901",
		"id": 89,
		"level": 1
	},
	"90": {
		"time": 30.4,
		"note_uid": "s040502",
		"id": 90,
		"level": 1
	},
	"91": {
		"time": 30.92,
		"note_uid": "s011103",
		"id": 91,
		"level": 1
	},
	"92": {
		"time": 31.27,
		"note_uid": "s011103",
		"id": 92,
		"level": 1
	},
	"93": {
		"time": 31.61,
		"note_uid": "s011103",
		"id": 93,
		"level": 1
	},
	"94": {
		"time": 32.470000000000006,
		"note_uid": "s000601",
		"id": 94,
		"level": 1
	},