{
	"1": {
		"note_uid": "s030401",
		"time": 6.09,
		"level": 1,
		"id": 1
	},
	"2": {
		"note_uid": "s030401",
		"time": 7.04,
		"level": 1,
		"id": 2
	},
	"3": {
		"note_uid": "s030401",
		"time": 8.07,
		"level": 1,
		"id": 3
	},
	"4": {
		"note_uid": "s000701",
		"time": 9.06,
		"level": 1,
		"id": 4
	},
	"5": {
		"note_uid": "s030401",
		"time": 9.72,
		"level": 1,
		"id": 5
	},
	"6": {
		"note_uid": "s030401",
		"time": 10.05,
		"level": 1,
		"id": 6
	},
	"7": {
		"note_uid": "s030601",
		"time": 12.11,
		"level": 1,
		"id": 7
	},
	"8": {
		"note_uid": "s030601",
		"time": 13.06,
		"level": 1,
		"id": 8
	},
	"9": {
		"note_uid": "s030601",
		"time": 14.05,
		"level": 1,
		"id": 9
	},
	"10": {
		"note_uid": "s030601",
		"time": 15.04,
		"level": 1,
		"id": 10
	},
	"11": {
		"note_uid": "s030401",
		"time": 18.09,
		"level": 1,
		"id": 11
	},
	"12": {
		"note_uid": "s030401",
		"time": 19.08,
		"level": 1,
		"id": 12
	},
	"13": {
		"note_uid": "s030401",
		"time": 20.03,
		"level": 1,
		"id": 13
	},
	"14": {
		"note_uid": "s000701",
		"time": 21.02,
		"level": 1,
		"id": 14
	},
	"15": {
		"note_uid": "s030902",
		"time": 21.64,
		"level": 1,
		"id": 15
	},
	"16": {
		"note_uid": "s030902",
		"time": 22.01,
		"level": 1,
		"id": 16
	},
	"17": {
		"note_uid": "s001101",
		"time": 24.03,
		"level": 1,
		"id": 17
	},
	"18": {
		"note_uid": "s030601",
		"time": 24.69,
		"level": 1,
		"id": 18
	},
	"19": {
		"note_uid": "s030601",
		"time": 24.98,
		"level": 1,
		"id": 19
	},
	"20": {
		"note_uid": "s030601",
		"time": 25.72,
		"level": 1,
		"id": 20
	},
	"21": {
		"note_uid": "s030601",
		"time": 26.05,
		"level": 1,
		"id": 21
	},
	"22": {
		"note_uid": "s030601",
		"time": 26.71,
		"level": 1,
		"id": 22
	},
	"23": {
		"note_uid": "s030601",
		"time": 27.04,
		"level": 1,
		"id": 23
	},
	"24": {
		"note_uid": "s000701",
		"time": 27.66,
		"level": 1,
		"id": 24
	},
	"25": {
		"note_uid": "s030401",
		"time": 30.06,
		"level": 1,
		"id": 25
	},
	"26": {
		"note_uid": "s030401",
		"time": 30.39,
		"level": 1,
		"id": 26
	},
	"27": {
		"note_uid": "s030401",
		"time": 30.72,
		"level": 1,
		"id": 27
	},
	"28": {
		"note_uid": "s030401",
		"time": 31.049999999999997,
		"level": 1,
		"id": 28
	},
	"29": {
		"note_uid": "s030401",
		"time": 31.379999999999995,
		"level": 1,
		"id": 29
	},
	"30": {
		"note_uid": "s030401",
		"time": 31.709999999999994,
		"level": 1,
		"id": 30
	},
	"31": {
		"note_uid": "s030401",
		"time": 32.03999999999999,
		"level": 1,
		"id": 31
	},
	"32": {
		"note_uid": "s030401",
		"time": 32.36999999999999,
		"level": 1,
		"id": 32
	},
	"33": {
		"note_uid": "s030401",
		"time": 32.69999999999999,
		"level": 1,
		"id": 33
	},
	"34": {
		"note_uid": "s030401",
		"time": 33.02999999999999,
		"level": 1,
		"id": 34
	},
	"35": {
		"note_uid": "s030401",
		"time": 33.359999999999985,
		"level": 1,
		"id": 35
	},
	"36": {
		"note_uid": "s030401",
		"time": 33.68999999999998,
		"level": 1,
		"id": 36
	},
	"37": {
		"note_uid": "s030401",
		"time": 34.01999999999998,
		"level": 1,
		"id": 37
	},
	"38": {
		"note_uid": "s030401",
		"time": 34.34999999999998,
		"level": 1,
		"id": 38
	},
	"39": {
		"note_uid": "s030401",
		"time": 34.67999999999998,
		"level": 1,
		"id": 39
	},
	"40": {
		"note_uid": "s030401",
		"time": 35.00999999999998,
		"level": 1,
		"id": 40
	},
	"41": {
		"note_uid": "s000701",
		"time": 35.339999999999975,
		"level": 1,
		"id": 41
	},
	"42": {
		"note_uid": "s031001",
		"time": 36.08,
		"level": 1,
		"id": 42
	},
	"43": {
		"note_uid": "s031001",
		"time": 36.41,
		"level": 1,
		"id": 43
	},
	"44": {
		"note_uid": "s031001",
		"time": 36.74,
		"level": 1,
		"id": 44
	},
	"45": {
		"note_uid": "s031001",
		"time": 37.07,
		"level": 1,
		"id": 45
	},
	"46": {
		"note_uid": "s031001",
		"time": 37.4,
		"level": 1,
		"id": 46
	},
	"47": {
		"note_uid": "s031001",
		"time": 37.73,
		"level": 1,
		"id": 47
	},
	"48": {
		"note_uid": "s031001",
		"time": 38.06,
		"level": 1,
		"id": 48
	},
	"49": {
		"note_uid": "s031001",
		"time": 38.39,
		"level": 1,
		"id": 49
	},
	"50": {
		"note_uid": "s031001",
		"time": 38.72,
		"level": 1,
		"id": 50
	},
	"51": {
		"note_uid": "s000403",
		"time": 39.05,
		"level": 1,
		"id": 51
	},
	"52": {
		"note_uid": "s000701",
		"time": 39.38,
		"level": 1,
		"id": 52
	},
	"53": {
		"note_uid": "s000701",
		"time": 39.71,
		"level": 1,
		"id": 53
	},
	"54": {
		"note_uid": "s001101",
		"time": 42.02,
		"level": 1,
		"id": 54
	},
	"55": {
		"note_uid": "s030902",
		"time": 42.72,
		"level": 1,
		"id": 55
	},
	"56": {
		"note_uid": "s030902",
		"time": 43.05,
		"level": 1,
		"id": 56
	},
	"57": {
		"note_uid": "s030902",
		"time": 43.67,
		"level": 1,
		"id": 57
	},
	"58": {
		"note_uid": "s030902",
		"time": 44.04,
		"level": 1,
		"id": 58
	},
	"59": {
		"note_uid": "s030902",
		"time": 44.74,
		"level": 1,
		"id": 59
	},
	"60": {
		"note_uid": "s030902",
		"time": 45.07,
		"level": 1,
		"id": 60
	},
	"61": {
		"note_uid": "s030902",
		"time": 45.69,
		"level": 1,
		"id": 61
	},
	"62": {
		"note_uid": "s030401",
		"time": 46.02,
		"level": 1,
		"id": 62
	},
	"63": {
		"note_uid": "s030401",
		"time": 46.349999999999994,
		"level": 1,
		"id": 63
	},
	"64": {
		"note_uid": "s030401",
		"time": 46.67999999999999,
		"level": 1,
		"id": 64
	},
	"65": {
		"note_uid": "s030401",
		"time": 47.00999999999999,
		"level": 1,
		"id": 65
	},
	"66": {
		"note_uid": "s000701",
		"time": 47.33999999999999,
		"level": 1,
		"id": 66
	},
	"67": {
		"note_uid": "s001101",
		"time": 48.08,
		"level": 1,
		"id": 67
	},
	"68": {
		"note_uid": "s030902",
		"time": 48.7,
		"level": 1,
		"id": 68
	},
	"69": {
		"note_uid": "s030902",
		"time": 49.03,
		"level": 1,
		"id": 69
	},
	"70": {
		"note_uid": "s030902",
		"time": 49.69,
		"level": 1,
		"id": 70
	},
	"71": {
		"note_uid": "s030902",
		"time": 50.02,
		"level": 1,
		"id": 71
	},
	"72": {
		"note_uid": "s030902",
		"time": 50.72,
		"level": 1,
		"id": 72
	},
	"73": {
		"note_uid": "s030902",
		"time": 51.05,
		"level": 1,
		"id": 73
	},
	"74": {
		"note_uid": "s001101",
		"time": 51.63,
		"level": 1,
		"id": 74
	},
	"75": {
		"note_uid": "s001101",
		"time": 54.27,
		"level": 1,
		"id": 75
	},
	"76": {
		"note_uid": "s030601",
		"time": 54.97,
		"level": 1,
		"id": 76
	},
	"77": {
		"note_uid": "s030601",
		"time": 55.3,
		"level": 1,
		"id": 77
	},
	"78": {
		"note_uid": "s001101",
		"time": 55.92,
		"level": 1,
		"id": 78
	},
	"79": {
		"note_uid": "s001101",
		"time": 58.77,
		"level": 1,
		"id": 79
	},
	"80": {
		"note_uid": "s030601",
		"time": 59.43,
		"level": 1,
		"id": 80
	},
	"81": {
		"note_uid": "s030601",
		"time": 59.76,
		"level": 1,
		"id": 81
	},
	"82": {
		"note_uid": "s001101",
		"time": 60.34,
		"level": 1,
		"id": 82
	},
	"83": {
		"note_uid": "s001101",
		"time": 62.07,
		"level": 1,
		"id": 83
	},
	"84": {
		"note_uid": "s030401",
		"time": 62.73,
		"level": 1,
		"id": 84
	},
	"85": {
		"note_uid": "s030401",
		"time": 63.06,
		"level": 1,
		"id": 85
	},
	"86": {
		"note_uid": "s030401",
		"time": 63.39,
		"level": 1,
		"id": 86
	},
	"87": {
		"note_uid": "s030401",
		"time": 64.05,
		"level": 1,
		"id": 87
	},
	"88": {
		"note_uid": "s000701",
		"time": 64.38,
		"level": 1,
		"id": 88
	},
	"89": {
		"note_uid": "s000701",
		"time": 65.08,
		"level": 1,
		"id": 89
	},
	"90": {
		"note_uid": "s030401",
		"time": 65.41,
		"level": 1,
		"id": 90
	}
}