{
	"1": {
		"note_uid": "s040201",
		"time": 2.87,
		"level": 1,
		"id": 1
	},
	"2": {
		"note_uid": "s040301",
		"time": 3.56,
		"level": 1,
		"id": 2
	},
	"3": {
		"note_uid": "s040301",
		"time": 4.07,
		"level": 1,
		"id": 3
	},
	"4": {
		"note_uid": "s040601",
		"time": 5.63,
		"level": 1,
		"id": 4
	},
	"5": {
		"note_uid": "s040301",
		"time": 6.32,
		"level": 1,
		"id": 5
	},
	"6": {
		"note_uid": "s040301",
		"time": 6.83,
		"level": 1,
		"id": 6
	},
	"7": {
		"note_uid": "s040601",
		"time": 8.38,
		"level": 1,
		"id": 7
	},
	"8": {
		"note_uid": "s040601",
		"time": 9.07,
		"level": 1,
		"id": 8
	},
	"9": {
		"note_uid": "s040201",
		"time": 9.59,
		"level": 1,
		"id": 9
	},
	"10": {
		"note_uid": "s000503",
		"time": 11.14,
		"level": 1,
		"id": 10
	},
	"11": {
		"note_uid": "s000903",
		"time": 11.66,
		"level": 1,
		"id": 11
	},
	"12": {
		"note_uid": "s000903",
		"time": 11.76,
		"level": 1,
		"id": 12
	},
	"13": {
		"note_uid": "s000903",
		"time": 11.86,
		"level": 1,
		"id": 13
	},
	"14": {
		"note_uid": "s000903",
		"time": 11.96,
		"level": 1,
		"id": 14
	},
	"15": {
		"note_uid": "s000903",
		"time": 12.06,
		"level": 1,
		"id": 15
	},
	"16": {
		"note_uid": "s000903",
		"time": 12.159999999999998,
		"level": 1,
		"id": 16
	},
	"17": {
		"note_uid": "s000904",
		"time": 12.26,
		"level": 1,
		"id": 17
	},
	"18": {
		"note_uid": "s000508",
		"time": 12.35,
		"level": 1,
		"id": 18
	},
	"19": {
		"note_uid": "s040901",
		"time": 12.7,
		"level": 1,
		"id": 19
	},
	"20": {
		"note_uid": "s040901",
		"time": 13.04,
		"level": 1,
		"id": 20
	},
	"21": {
		"note_uid": "s040901",
		"time": 13.38,
		"level": 1,
		"id": 21
	},
	"22": {
		"note_uid": "s040802",
		"time": 13.9,
		"level": 1,
		"id": 22
	},
	"23": {
		"note_uid": "s040402",
		"time": 14.42,
		"level": 1,
		"id": 23
	},
	"24": {
		"note_uid": "s040402",
		"time": 14.76,
		"level": 1,
		"id": 24
	},
	"25": {
		"note_uid": "s000903",
		"time": 15.11,
		"level": 1,
		"id": 25
	},
	"26": {
		"note_uid": "s000903",
		"time": 15.21,
		"level": 1,
		"id": 26
	},
	"27": {
		"note_uid": "s000903",
		"time": 15.31,
		"level": 1,
		"id": 27
	},
	"28": {
		"note_uid": "s000903",
		"time": 15.409999999999998,
		"level": 1,
		"id": 28
	},
	"29": {
		"note_uid": "s000903",
		"time": 15.509999999999998,
		"level": 1,
		"id": 29
	},
	"30": {
		"note_uid": "s000903",
		"time": 15.609999999999998,
		"level": 1,
		"id": 30
	},
	"31": {
		"note_uid": "s000903",
		"time": 15.709999999999996,
		"level": 1,
		"id": 31
	},
	"32": {
		"note_uid": "s000903",
		"time": 15.809999999999995,
		"level": 1,
		"id": 32
	},
	"33": {
		"note_uid": "s000903",
		"time": 15.909999999999997,
		"level": 1,
		"id": 33
	},
	"34": {
		"note_uid": "s000903",
		"time": 16.009999999999998,
		"level": 1,
		"id": 34
	},
	"35": {
		"note_uid": "s000903",
		"time": 16.11,
		"level": 1,
		"id": 35
	},
	"36": {
		"note_uid": "s000903",
		"time": 16.21,
		"level": 1,
		"id": 36
	},
	"37": {
		"note_uid": "s000904",
		"time": 16.31,
		"level": 1,
		"id": 37
	},
	"38": {
		"note_uid": "s040202",
		"time": 16.66,
		"level": 1,
		"id": 38
	},
	"39": {
		"note_uid": "s000903",
		"time": 17.18,
		"level": 1,
		"id": 39
	},
	"40": {
		"note_uid": "s000903",
		"time": 17.28,
		"level": 1,
		"id": 40
	},
	"41": {
		"note_uid": "s000903",
		"time": 17.380000000000003,
		"level": 1,
		"id": 41
	},
	"42": {
		"note_uid": "s000903",
		"time": 17.480000000000004,
		"level": 1,
		"id": 42
	},
	"43": {
		"note_uid": "s000903",
		"time": 17.580000000000005,
		"level": 1,
		"id": 43
	},
	"44": {
		"note_uid": "s000903",
		"time": 17.680000000000007,
		"level": 1,
		"id": 44
	},
	"45": {
		"note_uid": "s000904",
		"time": 17.78000000000001,
		"level": 1,
		"id": 45
	},
	"46": {
		"note_uid": "s000508",
		"time": 17.87,
		"level": 1,
		"id": 46
	},
	"47": {
		"note_uid": "s040901",
		"time": 18.21,
		"level": 1,
		"id": 47
	},
	"48": {
		"note_uid": "s040901",
		"time": 18.56,
		"level": 1,
		"id": 48
	},
	"49": {
		"note_uid": "s040901",
		"time": 18.9,
		"level": 1,
		"id": 49
	},
	"50": {
		"note_uid": "s040802",
		"time": 19.42,
		"level": 1,
		"id": 50
	},
	"51": {
		"note_uid": "s040802",
		"time": 19.94,
		"level": 1,
		"id": 51
	},
	"52": {
		"note_uid": "s040601",
		"time": 20.63,
		"level": 1,
		"id": 52
	},
	"53": {
		"note_uid": "s040601",
		"time": 21.49,
		"level": 1,
		"id": 53
	},
	"54": {
		"note_uid": "s000701",
		"time": 22.18,
		"level": 1,
		"id": 54
	},
	"55": {
		"note_uid": "s000903",
		"time": 22.7,
		"level": 1,
		"id": 55
	},
	"56": {
		"note_uid": "s000903",
		"time": 22.8,
		"level": 1,
		"id": 56
	},
	"57": {
		"note_uid": "s000903",
		"time": 22.9,
		"level": 1,
		"id": 57
	},
	"58": {
		"note_uid": "s000903",
		"time": 23.000000000000004,
		"level": 1,
		"id": 58
	},
	"59": {
		"note_uid": "s000903",
		"time": 23.100000000000005,
		"level": 1,
		"id": 59
	},
	"60": {
		"note_uid": "s000903",
		"time": 23.200000000000006,
		"level": 1,
		"id": 60
	},
	"61": {
		"note_uid": "s000904",
		"time": 23.300000000000008,
		"level": 1,
		"id": 61
	},
	"62": {
		"note_uid": "s000508",
		"time": 23.38,
		"level": 1,
		"id": 62
	},
	"63": {
		"note_uid": "s040901",
		"time": 23.73,
		"level": 1,
		"id": 63
	},
	"64": {
		"note_uid": "s040901",
		"time": 24.07,
		"level": 1,
		"id": 64
	},
	"65": {
		"note_uid": "s040901",
		"time": 24.42,
		"level": 1,
		"id": 65
	},
	"66": {
		"note_uid": "s040802",
		"time": 24.94,
		"level": 1,
		"id": 66
	},
	"67": {
		"note_uid": "s040402",
		"time": 25.45,
		"level": 1,
		"id": 67
	},
	"68": {
		"note_uid": "s040402",
		"time": 25.8,
		"level": 1,
		"id": 68
	},
	"69": {
		"note_uid": "s000903",
		"time": 26.14,
		"level": 1,
		"id": 69
	},
	"70": {
		"note_uid": "s000903",
		"time": 26.24,
		"level": 1,
		"id": 70
	},
	"71": {
		"note_uid": "s000903",
		"time": 26.340000000000003,
		"level": 1,
		"id": 71
	},
	"72": {
		"note_uid": "s000903",
		"time": 26.440000000000005,
		"level": 1,
		"id": 72
	},
	"73": {
		"note_uid": "s000903",
		"time": 26.540000000000006,
		"level": 1,
		"id": 73
	},
	"74": {
		"note_uid": "s000903",
		"time": 26.640000000000008,
		"level": 1,
		"id": 74
	},
	"75": {
		"note_uid": "s000903",
		"time": 26.74000000000001,
		"level": 1,
		"id": 75
	},
	"76": {
		"note_uid": "s000904",
		"time": 26.84,
		"level": 1,
		"id": 76
	},
	"77": {
		"note_uid": "s000508",
		"time": 27.01,
		"level": 1,
		"id": 77
	},
	"78": {
		"note_uid": "s000702",
		"time": 27.7,
		"level": 1,
		"id": 78
	},
	"79": {
		"note_uid": "s000903",
		"time": 28.21,
		"level": 1,
		"id": 79
	},
	"80": {
		"note_uid": "s000903",
		"time": 28.31,
		"level": 1,
		"id": 80
	},
	"81": {
		"note_uid": "s000903",
		"time": 28.410000000000004,
		"level": 1,
		"id": 81
	},
	"82": {
		"note_uid": "s000903",
		"time": 28.510000000000005,
		"level": 1,
		"id": 82
	},
	"83": {
		"note_uid": "s000903",
		"time": 28.610000000000007,
		"level": 1,
		"id": 83
	},
	"84": {
		"note_uid": "s000903",
		"time": 28.710000000000008,
		"level": 1,
		"id": 84
	},
	"85": {
		"note_uid": "s000904",
		"time": 28.81000000000001,
		"level": 1,
		"id": 85
	},
	"86": {
		"note_uid": "s000508",
		"time": 28.9,
		"level": 1,
		"id": 86
	},
	"87": {
		"note_uid": "s040901",
		"time": 29.25,
		"level": 1,
		"id": 87
	},
	"88": {
		"note_uid": "s040901",
		"time": 29.59,
		"level": 1,
		"id": 88
	},
	"89": {
		"note_uid": "s040901",
		"time": 29.94,
		"level": 1,
		"id": 89
	},
	"90": {
		"note_uid": "s040502",
		"time": 30.45,
		"level": 1,
		"id": 90
	},
	"91": {
		"note_uid": "s011103",
		"time": 30.97,
		"level": 1,
		"id": 91
	},
	"92": {
		"note_uid": "s011103",
		"time": 31.32,
		"level": 1,
		"id": 92
	},
	"93": {
		"note_uid": "s011103",
		"time": 31.66,
		"level": 1,
		"id": 93
	},
	"94": {
		"note_uid": "s000601",
		"time": 32.52,
		"level": 1,
		"id": 94
	},
	"95": {
		"note_uid": "s041102",
		"time": 33.21,
		"level": 1,
		"id": 95
	},
	"96": {
		"note_uid": "s041102",
		"time": 33.38,
		"level": 1,
		"id": 96
	},