{
	"1": {
		"Level": 1,
		"CubeType": "s030902",
		"Timming": 10.72,
		"Beat": 1
	},
	"2": {
		"Level": 1,
		"CubeType": "s001101",
		"Timming": 11.43,
		"Beat": 2
	},
	"3": {
		"Level": 1,
		"CubeType": "s001101",
		"Timming": 12.72,
		"Beat": 3
	},
	"4": {
		"Level": 1,
		"CubeType": "s030902",
		"Timming": 13.39,
		"Beat": 4
	},
	"5": {
		"Level": 1,
		"CubeType": "s001101",
		"Timming": 14.009999999999998,
		"Beat": 5
	},
	"6": {
		"Level": 1,
		"CubeType": "s001101",
		"Timming": 15.43,
		"Beat": 6
	},
	"7": {
		"Level": 1,
		"CubeType": "s030902",
		"Timming": 16.06,
		"Beat": 7
	},
	"8": {
		"Level": 1,
		"CubeType": "s001101",
		"Timming": 16.72,
		"Beat": 8
	},
	"9": {
		"Level": 1,
		"CubeType": "s001101",
		"Timming": 18.009999999999998,
		"Beat": 9
	},
	"10": {
		"Level": 1,
		"CubeType": "s000701",
		"Timming": 18.68,
		"Beat": 10
	},
	"11": {
		"Level": 1,
		"CubeType": "s001101",
		"Timming": 19.39,
		"Beat": 11
	},
	"12": {
		"Level": 1,
		"CubeType": "s001101",
		"Timming": 20.72,
		"Beat": 12
	},
	"13": {
		"Level": 1,
		"CubeType": "s000601",
		"Timming": 21.389999999999997,
		"Beat": 13
	},
	"14": {
		"Level": 1,
		"CubeType": "s030902",
		"Timming": 22.1,
		"Beat": 14
	},
	"15": {
		"Level": 1,
		"CubeType": "s030702",
		"Timming": 22.389999999999997,
		"Beat": 15
	},
	"16": {
		"Level": 1,
		"CubeType": "s030702",
		"Timming": 22.56,
		"Beat": 16
	},
	"17": {
		"Level": 1,
		"CubeType": "s030902",
		"Timming": 23.01,
		"Beat": 17
	},
	"18": {
		"Level": 1,
		"CubeType": "s001101",
		"Timming": 23.389999999999997,
		"Beat": 18
	},
	"19": {
		"Level": 1,
		"CubeType": "s030902",
		"Timming": 24.1,
		"Beat": 19
	},
	"20": {
		"Level": 1,
		"CubeType": "s030902",
		"Timming": 24.76,
		"Beat": 20
	},
	"21": {
		"Level": 1,
		"CubeType": "s030702",
		"Timming": 25.06,
		"Beat": 21
	},
	"22": {
		"Level": 1,
		"CubeType": "s030702",
		"Timming": 25.22,
		"Beat": 22
	},
	"23": {
		"Level": 1,
		"CubeType": "s000701",
		"Timming": 25.72,
		"Beat": 23
	},
	"24": {
		"Level": 1,
		"CubeType": "s001101",
		"Timming": 26.1,
		"Beat": 24
	},
	"25": {
		"Level": 1,
		"CubeType": "s030902",
		"Timming": 26.72,
		"Beat": 25
	},
	"26": {
		"Level": 1,
		"CubeType": "s030902",
		"Timming": 27.389999999999997,
		"Beat": 26
	},
	"27": {
		"Level": 1,
		"CubeType": "s030702",
		"Timming": 27.68,
		"Beat": 27
	},
	"28": {
		"Level": 1,
		"CubeType": "s030702",
		"Timming": 27.85,
		"Beat": 28
	},
	"29": {
		"Level": 1,
		"CubeType": "s000701",
		"Timming": 28.35,
		"Beat": 29
	},
	"30": {
		"Level": 1,
		"CubeType": "s001101",
		"Timming": 28.72,
		"Beat": 30
	},
	"31": {
		"Level": 1,
		"CubeType": "s030902",
		"Timming": 29.43,
		"Beat": 31
	},
	"32": {
		"Level": 1,
		"CubeType": "s000701",
		"Timming": 30.1,
		"Beat": 32
	},
	"33": {
		"Level": 1,
		"CubeType": "s030702",
		"Timming": 30.389999999999997,
		"Beat": 33
	},
	"34": {
		"Level": 1,
		"CubeType": "s030702",
		"Timming": 30.56,
		"Beat": 34
	},
	"35": {
		"Level": 1,
		"CubeType": "s001101",
		"Timming": 31.01,
		"Beat": 35
	},
	"36": {
		"Level": 1,
		"CubeType": "s030902",
		"Timming": 31.43,
		"Beat": 36
	},
	"37": {
		"Level": 1,
		"CubeType": "s000601",
		"Timming": 32.06,
		"Beat": 37
	},
	"38": {
		"Level": 1,
		"CubeType": "s001101",
		"Timming": 32.720000000000006,
		"Beat": 38
	},
	"39": {
		"Level": 1,
		"CubeType": "s031001",
		"Timming": 33.1,
		"Beat": 39
	},
	"40": {
		"Level": 1,
		"CubeType": "s031001",
		"Timming": 33.43000000000001,
		"Beat": 40
	},
	"41": {
		"Level": 1,
		"CubeType": "s031001",
		"Timming": 33.760000000000005,
		"Beat": 41
	},
	"42": {
		"Level": 1,
		"CubeType": "s001101",
		"Timming": 34.1,
		"Beat": 42
	},
	"43": {
		"Level": 1,
		"CubeType": "s031001",
		"Timming": 34.720000000000006,
		"Beat": 43
	},
	"44": {
		"Level": 1,
		"CubeType": "s031001",
		"Timming": 35.06,
		"Beat": 44
	},
	"45": {
		"Level": 1,
		"CubeType": "s001101",
		"Timming": 35.43000000000001,
		"Beat": 45
	},
	"46": {
		"Level": 1,
		"CubeType": "s031001",
		"Timming": 35.720000000000006,
		"Beat": 46
	},
	"47": {
		"Level": 1,
		"CubeType": "s031001",
		"Timming": 36.06,
		"Beat": 47
	},
	"48": {
		"Level": 1,
		"CubeType": "s031001",
		"Timming": 36.39,
		"Beat": 48
	},
	"49": {
		"Level": 1,
		"CubeType": "s001101",
		"Timming": 36.760000000000005,
		"Beat": 49
	},
	"50": {
		"Level": 1,
		"CubeType": "s000601",
		"Timming": 37.39,
		"Beat": 50
	},
	"51": {
		"Level": 1,
		"CubeType": "s001101",
		"Timming": 38.06,
		"Beat": 51
	},
	"52": {
		"Level": 1,
		"CubeType": "s030702",
		"Timming": 38.35,
		"Beat": 52
	},
	"53": {
		"Level": 1,
		"CubeType": "s030702",
		"Timming": 38.510000000000005,
		"Beat": 53
	},
	"54": {
		"Level": 1,
		"CubeType": "s000701",
		"Timming": 39.06,
		"Beat": 54
	},
	"55": {
		"Level": 1,
		"CubeType": "s001101",
		"Timming": 39.43,
		"Beat": 55
	},
	"56": {
		"Level": 1,
		"CubeType": "s031001",
		"Timming": 40.06,
		"Beat": 56
	},
	"57": {
		"Level": 1,
		"CubeType": "s031001",
		"Timming": 40.39,
		"Beat": 57
	},
	"58": {
		"Level": 1,
		"CubeType": "s001101",
		"Timming": 40.760000000000005,
		"Beat": 58
	},
	"59": {
		"Level": 1,
		"CubeType": "s030702",
		"Timming": 41.06,
		"Beat": 59
	},
	"60": {
		"Level": 1,
		"CubeType": "s030702",
		"Timming": 41.22,
		"Beat": 60
	},
	"61": {
		"Level": 1,
		"CubeType": "s000701",
		"Timming": 41.68,
		"Beat": 61
	},
	"62": {
		"Level": 1,
		"CubeType": "s001101",
		"Timming": 42.06,
		"Beat": 62
	},
	"63": {
		"Level": 1,
		"CubeType": "s000403",
		"Timming": 42.72,
		"Beat": 63
	},
	"64": {
		"Level": 1,
		"CubeType": "s030903",
		"Timming": 43.39,
		"Beat": 64
	},
	"65": {
		"Level": 1,
		"CubeType": "s030903",
		"Timming": 43.72,
		"Beat": 65
	},
	"66": {
		"Level": 1,
		"CubeType": "s001101",
		"Timming": 43.89,
		"Beat": 66
	},
	"67": {
		"Level": 1,
		"CubeType": "s030903",
		"Timming": 44.43,
		"Beat": 67
	},
	"68": {
		"Level": 1,
		"CubeType": "s030903",
		"Timming": 44.72,
		"Beat": 68
	},
	"69": {
		"Level": 1,
		"CubeType": "s001101",
		"Timming": 45.010000000000005,
		"Beat": 69
	},
	"70": {
		"Level": 1,
		"CubeType": "s030903",
		"Timming": 45.39,
		"Beat": 70
	},
	"71": {
		"Level": 1,
		"CubeType": "s001101",
		"Timming": 46.06,
		"Beat": 71
	},
	"72": {
		"Level": 1,
		"CubeType": "s030702",
		"Timming": 46.43,
		"Beat": 72
	},
	"73": {
		"Level": 1,
		"CubeType": "s030702",
		"Timming": 46.6,
		"Beat": 73
	},
	"74": {
		"Level": 1,
		"CubeType": "s030903",
		"Timming": 47.06,
		"Beat": 74
	},
	"75": {
		"Level": 1,
		"CubeType": "s001101",
		"Timming": 47.43,
		"Beat": 75
	},
	"76": {
		"Level": 1,
		"CubeType": "s001101",
		"Timming": 48.1,
		"Beat": 76
	},
	"77": {
		"Level": 1,
		"CubeType": "s030903",
		"Timming": 48.72,
		"Beat": 77
	},
	"78": {
		"Level": 1,
		"CubeType": "s030903",
		"Timming": 49.010000000000005,
		"Beat": 78
	},
	"79": {
		"Level": 1,
		"CubeType": "s001101",
		"Timming": 49.18,
		"Beat": 79
	},
	"80": {
		"Level": 1,
		"CubeType": "s030903",
		"Timming": 49.760000000000005,
		"Beat": 80
	},
	"81": {
		"Level": 1,
		"CubeType": "s001101",
		"Timming": 50.1,
		"Beat": 81
	},
	"82": {
		"Level": 1,
		"CubeType": "s000701",
		"Timming": 50.760000000000005,
		"Beat": 82
	},
	"83": {
		"Level": 1,
		"CubeType": "s001101",
		"Timming": 51.43,
		"Beat": 83
	},
	"84": {
		"Level": 1,
		"CubeType": "s030903",
		"Timming": 51.72,
		"Beat": 84
	},
	"85": {
		"Level": 1,
		"CubeType": "s001101",
		"Timming": 51.89,
		"Beat": 85
	},
	"86": {
		"Level": 1,
		"CubeType": "s030903",
		"Timming": 52.39,
		"Beat": 86
	},
	"87": {
		"Level": 1,
		"CubeType": "s001101",
		"Timming": 52.760000000000005,
		"Beat": 87
	},
	"88": {
		"Level": 1,
		"CubeType": "s030903",
		"Timming": 53.39,
		"Beat": 88
	},
	"89": {
		"Level": 1,
		"CubeType": "s001101",
		"Timming": 54.010000000000005,
		"Beat": 89
	},
	"90": {
		"Level": 1,
		"CubeType": "s030702",
		"Timming": 54.39,
		"Beat": 90
	},
	"91": {
		"Level": 1,
		"CubeType": "s030702",
		"Timming": 54.56,
		"Beat": 91
	},