{
	"1": {
		"Timming": 10.72,
		"Beat": 1,
		"Level": 1,
		"CubeType": "s030902"
	},
	"2": {
		"Timming": 11.43,
		"Beat": 2,
		"Level": 1,
		"CubeType": "s000201"
	},
	"3": {
		"Timming": 12.72,
		"Beat": 3,
		"Level": 1,
		"CubeType": "s000201"
	},
	"4": {
		"Timming": 13.39,
		"Beat": 4,
		"Level": 1,
		"CubeType": "s030902"
	},
	"5": {
		"Timming": 14.009999999999998,
		"Beat": 5,
		"Level": 1,
		"CubeType": "s000201"
	},
	"6": {
		"Timming": 15.43,
		"Beat": 6,
		"Level": 1,
		"CubeType": "s000201"
	},
	"7": {
		"Timming": 16.06,
		"Beat": 7,
		"Level": 1,
		"CubeType": "s030902"
	},
	"8": {
		"Timming": 16.72,
		"Beat": 8,
		"Level": 1,
		"CubeType": "s000201"
	},
	"9": {
		"Timming": 18.009999999999998,
		"Beat": 9,
		"Level": 1,
		"CubeType": "s000201"
	},
	"10": {
		"Timming": 18.68,
		"Beat": 10,
		"Level": 1,
		"CubeType": "s000701"
	},
	"11": {
		"Timming": 19.39,
		"Beat": 11,
		"Level": 1,
		"CubeType": "s000201"
	},
	"12": {
		"Timming": 20.72,
		"Beat": 12,
		"Level": 1,
		"CubeType": "s000201"
	},
	"13": {
		"Timming": 21.389999999999997,
		"Beat": 13,
		"Level": 1,
		"CubeType": "s000601"
	},
	"14": {
		"Timming": 22.1,
		"Beat": 14,
		"Level": 1,
		"CubeType": "s030902"
	},
	"15": {
		"Timming": 22.389999999999997,
		"Beat": 15,
		"Level": 1,
		"CubeType": "s030702"
	},
	"16": {
		"Timming": 22.56,
		"Beat": 16,
		"Level": 1,
		"CubeType": "s030702"
	},
	"17": {
		"Timming": 23.01,
		"Beat": 17,
		"Level": 1,
		"CubeType": "s030902"
	},
	"18": {
		"Timming": 23.389999999999997,
		"Beat": 18,
		"Level": 1,
		"CubeType": "s000201"
	},
	"19": {
		"Timming": 24.1,
		"Beat": 19,
		"Level": 1,
		"CubeType": "s030902"
	},
	"20": {
		"Timming": 24.76,
		"Beat": 20,
		"Level": 1,
		"CubeType": "s030902"
	},
	"21": {
		"Timming": 25.06,
		"Beat": 21,
		"Level": 1,
		"CubeType": "s030702"
	},
	"22": {
		"Timming": 25.22,
		"Beat": 22,
		"Level": 1,
		"CubeType": "s030702"
	},
	"23": {
		"Timming": 25.72,
		"Beat": 23,
		"Level": 1,
		"CubeType": "s000701"
	},
	"24": {
		"Timming": 26.1,
		"Beat": 24,
		"Level": 1,
		"CubeType": "s000201"
	},
	"25": {
		"Timming": 26.72,
		"Beat": 25,
		"Level": 1,
		"CubeType": "s030902"
	},
	"26": {
		"Timming": 27.389999999999997,
		"Beat": 26,
		"Level": 1,
		"CubeType": "s030902"
	},
	"27": {
		"Timming": 27.68,
		"Beat": 27,
		"Level": 1,
		"CubeType": "s030702"
	},
	"28": {
		"Timming": 27.85,
		"Beat": 28,
		"Level": 1,
		"CubeType": "s030702"
	},
	"29": {
		"Timming": 28.35,
		"Beat": 29,
		"Level": 1,
		"CubeType": "s000701"
	},
	"30": {
		"Timming": 28.72,
		"Beat": 30,
		"Level": 1,
		"CubeType": "s000201"
	},
	"31": {
		"Timming": 29.43,
		"Beat": 31,
		"Level": 1,
		"CubeType": "s030902"
	},
	"32": {
		"Timming": 30.1,
		"Beat": 32,
		"Level": 1,
		"CubeType": "s000701"
	},
	"33": {
		"Timming": 30.389999999999997,
		"Beat": 33,
		"Level": 1,
		"CubeType": "s030702"
	},
	"34": {
		"Timming": 30.56,
		"Beat": 34,
		"Level": 1,
		"CubeType": "s030702"
	},
	"35": {
		"Timming": 31.01,
		"Beat": 35,
		"Level": 1,
		"CubeType": "s000201"
	},
	"36": {
		"Timming": 31.43,
		"Beat": 36,
		"Level": 1,
		"CubeType": "s030902"
	},
	"37": {
		"Timming": 32.06,
		"Beat": 37,
		"Level": 1,
		"CubeType": "s000601"
	},
	"38": {
		"Timming": 32.720000000000006,
		"Beat": 38,
		"Level": 1,
		"CubeType": "s000201"
	},
	"39": {
		"Timming": 33.1,
		"Beat": 39,
		"Level": 1,
		"CubeType": "s031001"
	},
	"40": {
		"Timming": 33.43000000000001,
		"Beat": 40,
		"Level": 1,
		"CubeType": "s031001"
	},
	"41": {
		"Timming": 33.760000000000005,
		"Beat": 41,
		"Level": 1,
		"CubeType": "s031001"
	},
	"42": {
		"Timming": 34.1,
		"Beat": 42,
		"Level": 1,
		"CubeType": "s000201"
	},
	"43": {
		"Timming": 34.720000000000006,
		"Beat": 43,
		"Level": 1,
		"CubeType": "s031001"
	},
	"44": {
		"Timming": 35.06,
		"Beat": 44,
		"Level": 1,
		"CubeType": "s031001"
	},
	"45": {
		"Timming": 35.43000000000001,
		"Beat": 45,
		"Level": 1,
		"CubeType": "s000201"
	},
	"46": {
		"Timming": 35.720000000000006,
		"Beat": 46,
		"Level": 1,
		"CubeType": "s031001"
	},
	"47": {
		"Timming": 36.06,
		"Beat": 47,
		"Level": 1,
		"CubeType": "s031001"
	},
	"48": {
		"Timming": 36.39,
		"Beat": 48,
		"Level": 1,
		"CubeType": "s031001"
	},
	"49": {
		"Timming": 36.760000000000005,
		"Beat": 49,
		"Level": 1,
		"CubeType": "s000201"
	},
	"50": {
		"Timming": 37.39,
		"Beat": 50,
		"Level": 1,
		"CubeType": "s000601"
	},
	"51": {
		"Timming": 38.06,
		"Beat": 51,
		"Level": 1,
		"CubeType": "s000201"
	},
	"52": {
		"Timming": 38.35,
		"Beat": 52,
		"Level": 1,
		"CubeType": "s030702"
	},
	"53": {
		"Timming": 38.510000000000005,
		"Beat": 53,
		"Level": 1,
		"CubeType": "s030702"
	},
	"54": {
		"Timming": 39.06,
		"Beat": 54,
		"Level": 1,
		"CubeType": "s000701"
	},
	"55": {
		"Timming": 39.43,
		"Beat": 55,
		"Level": 1,
		"CubeType": "s000201"
	},
	"56": {
		"Timming": 40.06,
		"Beat": 56,
		"Level": 1,
		"CubeType": "s031001"
	},
	"57": {
		"Timming": 40.39,
		"Beat": 57,
		"Level": 1,
		"CubeType": "s031001"
	},
	"58": {
		"Timming": 40.760000000000005,
		"Beat": 58,
		"Level": 1,
		"CubeType": "s000201"
	},
	"59": {
		"Timming": 41.06,
		"Beat": 59,
		"Level": 1,
		"CubeType": "s030702"
	},
	"60": {
		"Timming": 41.22,
		"Beat": 60,
		"Level": 1,
		"CubeType": "s030702"
	},
	"61": {
		"Timming": 41.68,
		"Beat": 61,
		"Level": 1,
		"CubeType": "s000701"
	},
	"62": {
		"Timming": 42.06,
		"Beat": 62,
		"Level": 1,
		"CubeType": "s000201"
	},
	"63": {
		"Timming": 42.72,
		"Beat": 63,
		"Level": 1,
		"CubeType": "s000403"
	},
	"64": {
		"Timming": 43.39,
		"Beat": 64,
		"Level": 1,
		"CubeType": "s030903"
	},
	"65": {
		"Timming": 43.72,
		"Beat": 65,
		"Level": 1,
		"CubeType": "s030903"
	},
	"66": {
		"Timming": 43.89,
		"Beat": 66,
		"Level": 1,
		"CubeType": "s000201"
	},
	"67": {
		"Timming": 44.43,
		"Beat": 67,
		"Level": 1,
		"CubeType": "s030903"
	},
	"68": {
		"Timming": 44.72,
		"Beat": 68,
		"Level": 1,
		"CubeType": "s030903"
	},
	"69": {
		"Timming": 45.010000000000005,
		"Beat": 69,
		"Level": 1,
		"CubeType": "s000201"
	},
	"70": {
		"Timming": 45.39,
		"Beat": 70,
		"Level": 1,
		"CubeType": "s030903"
	},
	"71": {
		"Timming": 46.06,
		"Beat": 71,
		"Level": 1,
		"CubeType": "s000201"
	},
	"72": {
		"Timming": 46.43,
		"Beat": 72,
		"Level": 1,
		"CubeType": "s030702"
	},
	"73": {
		"Timming": 46.6,
		"Beat": 73,
		"Level": 1,
		"CubeType": "s030702"
	},
	"74": {
		"Timming": 47.06,
		"Beat": 74,
		"Level": 1,
		"CubeType": "s030903"
	},
	"75": {
		"Timming": 47.43,
		"Beat": 75,
		"Level": 1,
		"CubeType": "s000201"
	},
	"76": {
		"Timming": 48.1,
		"Beat": 76,
		"Level": 1,
		"CubeType": "s000201"
	},
	"77": {
		"Timming": 48.72,
		"Beat": 77,
		"Level": 1,
		"CubeType": "s030903"
	},
	"78": {
		"Timming": 49.010000000000005,
		"Beat": 78,
		"Level": 1,
		"CubeType": "s030903"
	},
	"79": {
		"Timming": 49.18,
		"Beat": 79,
		"Level": 1,
		"CubeType": "s000201"
	},
	"80": {
		"Timming": 49.760000000000005,
		"Beat": 80,
		"Level": 1,
		"CubeType": "s030903"
	},
	"81": {
		"Timming": 50.1,
		"Beat": 81,
		"Level": 1,
		"CubeType": "s000201"
	},
	"82": {
		"Timming": 50.760000000000005,
		"Beat": 82,
		"Level": 1,
		"CubeType": "s000701"
	},
	"83": {
		"Timming": 51.43,
		"Beat": 83,
		"Level": 1,
		"CubeType": "s000201"
	},
	"84": {
		"Timming": 51.72,
		"Beat": 84,
		"Level": 1,
		"CubeType": "s030903"
	},
	"85": {
		"Timming": 51.89,
		"Beat": 85,
		"Level": 1,
		"CubeType": "s000201"
	},
	"86": {
		"Timming": 52.39,
		"Beat": 86,
		"Level": 1,
		"CubeType": "s030903"
	},
	"87": {
		"Timming": 52.760000000000005,
		"Beat": 87,
		"Level": 1,
		"CubeType": "s000201"
	},
	"88": {
		"Timming": 53.39,
		"Beat": 88,
		"Level": 1,
		"CubeType": "s030903"
	},
	"89": {
		"Timming": 54.010000000000005,
		"Beat": 89,
		"Level": 1,
		"CubeType": "s000201"
	},
	"90": {
		"Timming": 54.39,
		"Beat": 90,
		"Level": 1,
		"CubeType": "s030702"
	},
	"91": {
		"Timming": 54.56,
		"Beat": 91,
		"Level": 1,
		"CubeType": "s030702"
	},