{
	"1": {
		"note_uid": "s030704",
		"time": 10.7,
		"level": 1,
		"id": 1
	},
	"2": {
		"note_uid": "s001102",
		"time": 11.37,
		"level": 1,
		"id": 2
	},
	"3": {
		"note_uid": "s001101",
		"time": 12.7,
		"level": 1,
		"id": 3
	},
	"4": {
		"note_uid": "s030704",
		"time": 13.37,
		"level": 1,
		"id": 4
	},
	"5": {
		"note_uid": "s001102",
		"time": 14.04,
		"level": 1,
		"id": 5
	},
	"6": {
		"note_uid": "s001101",
		"time": 15.37,
		"level": 1,
		"id": 6
	},
	"7": {
		"note_uid": "s030704",
		"time": 16.04,
		"level": 1,
		"id": 7
	},
	"8": {
		"note_uid": "s001102",
		"time": 16.7,
		"level": 1,
		"id": 8
	},
	"9": {
		"note_uid": "s001101",
		"time": 18.04,
		"level": 1,
		"id": 9
	},
	"10": {
		"note_uid": "s000701",
		"time": 18.7,
		"level": 1,
		"id": 10
	},
	"11": {
		"note_uid": "s001102",
		"time": 19.37,
		"level": 1,
		"id": 11
	},
	"12": {
		"note_uid": "s001101",
		"time": 20.7,
		"level": 1,
		"id": 12
	},
	"13": {
		"note_uid": "s000601",
		"time": 21.37,
		"level": 1,
		"id": 13
	},
	"14": {
		"note_uid": "s030902",
		"time": 22.08,
		"level": 1,
		"id": 14
	},
	"15": {
		"note_uid": "s030702",
		"time": 22.37,
		"level": 1,
		"id": 15
	},
	"16": {
		"note_uid": "s030702",
		"time": 22.54,
		"level": 1,
		"id": 16
	},
	"17": {
		"note_uid": "s030902",
		"time": 23.01,
		"level": 1,
		"id": 17
	},
	"18": {
		"note_uid": "s001102",
		"time": 23.389999999999997,
		"level": 1,
		"id": 18
	},
	"19": {
		"note_uid": "s030902",
		"time": 24.1,
		"level": 1,
		"id": 19
	},
	"20": {
		"note_uid": "s030902",
		"time": 24.76,
		"level": 1,
		"id": 20
	},
	"21": {
		"note_uid": "s030702",
		"time": 25.06,
		"level": 1,
		"id": 21
	},
	"22": {
		"note_uid": "s030702",
		"time": 25.22,
		"level": 1,
		"id": 22
	},
	"23": {
		"note_uid": "s000701",
		"time": 25.72,
		"level": 1,
		"id": 23
	},
	"24": {
		"note_uid": "s001102",
		"time": 26.1,
		"level": 1,
		"id": 24
	},
	"25": {
		"note_uid": "s030902",
		"time": 26.72,
		"level": 1,
		"id": 25
	},
	"26": {
		"note_uid": "s030902",
		"time": 27.389999999999997,
		"level": 1,
		"id": 26
	},
	"27": {
		"note_uid": "s030702",
		"time": 27.68,
		"level": 1,
		"id": 27
	},
	"28": {
		"note_uid": "s030702",
		"time": 27.85,
		"level": 1,
		"id": 28
	},
	"29": {
		"note_uid": "s000701",
		"time": 28.35,
		"level": 1,
		"id": 29
	},
	"30": {
		"note_uid": "s001102",
		"time": 28.72,
		"level": 1,
		"id": 30
	},
	"31": {
		"note_uid": "s030902",
		"time": 29.43,
		"level": 1,
		"id": 31
	},
	"32": {
		"note_uid": "s000701",
		"time": 30.1,
		"level": 1,
		"id": 32
	},
	"33": {
		"note_uid": "s030702",
		"time": 30.389999999999997,
		"level": 1,
		"id": 33
	},
	"34": {
		"note_uid": "s030702",
		"time": 30.56,
		"level": 1,
		"id": 34
	},
	"35": {
		"note_uid": "s030801",
		"time": 31.01,
		"level": 1,
		"id": 35
	},
	"36": {
		"note_uid": "s030902",
		"time": 31.43,
		"level": 1,
		"id": 36
	},
	"37": {
		"note_uid": "s000601",
		"time": 32.06,
		"level": 1,
		"id": 37
	},
	"38": {
		"note_uid": "s030801",
		"time": 32.720000000000006,
		"level": 1,
		"id": 38
	},
	"39": {
		"note_uid": "s031001",
		"time": 33.1,
		"level": 1,
		"id": 39
	},
	"40": {
		"note_uid": "s031001",
		"time": 33.43000000000001,
		"level": 1,
		"id": 40
	},
	"41": {
		"note_uid": "s031001",
		"time": 33.760000000000005,
		"level": 1,
		"id": 41
	},
	"42": {
		"note_uid": "s001101",
		"time": 34.1,
		"level": 1,
		"id": 42
	},
	"43": {
		"note_uid": "s031001",
		"time": 34.720000000000006,
		"level": 1,
		"id": 43
	},
	"44": {
		"note_uid": "s031001",
		"time": 35.06,
		"level": 1,
		"id": 44
	},
	"45": {
		"note_uid": "s030801",
		"time": 35.43000000000001,
		"level": 1,
		"id": 45
	},
	"46": {
		"note_uid": "s031001",
		"time": 35.720000000000006,
		"level": 1,
		"id": 46
	},
	"47": {
		"note_uid": "s031001",
		"time": 36.06,
		"level": 1,
		"id": 47
	},
	"48": {
		"note_uid": "s031001",
		"time": 36.39,
		"level": 1,
		"id": 48
	},
	"49": {
		"note_uid": "s001101",
		"time": 36.760000000000005,
		"level": 1,
		"id": 49
	},
	"50": {
		"note_uid": "s000601",
		"time": 37.39,
		"level": 1,
		"id": 50
	},
	"51": {
		"note_uid": "s030801",
		"time": 38.06,
		"level": 1,
		"id": 51
	},
	"52": {
		"note_uid": "s030702",
		"time": 38.35,
		"level": 1,
		"id": 52
	},
	"53": {
		"note_uid": "s030702",
		"time": 38.510000000000005,
		"level": 1,
		"id": 53
	},
	"54": {
		"note_uid": "s000701",
		"time": 39.06,
		"level": 1,
		"id": 54
	},
	"55": {
		"note_uid": "s001102",
		"time": 39.43,
		"level": 1,
		"id": 55
	},
	"56": {
		"note_uid": "s031001",
		"time": 40.06,
		"level": 1,
		"id": 56
	},
	"57": {
		"note_uid": "s031001",
		"time": 40.39,
		"level": 1,
		"id": 57
	},
	"58": {
		"note_uid": "s030801",
		"time": 40.760000000000005,
		"level": 1,
		"id": 58
	},
	"59": {
		"note_uid": "s030702",
		"time": 41.06,
		"level": 1,
		"id": 59
	},
	"60": {
		"note_uid": "s030702",
		"time": 41.22,
		"level": 1,
		"id": 60
	},
	"61": {
		"note_uid": "s000701",
		"time": 41.68,
		"level": 1,
		"id": 61
	},
	"62": {
		"note_uid": "s001101",
		"time": 42.06,
		"level": 1,
		"id": 62
	},
	"63": {
		"note_uid": "s000403",
		"time": 42.72,
		"level": 1,
		"id": 63
	},
	"64": {
		"note_uid": "s030903",
		"time": 43.39,
		"level": 1,
		"id": 64
	},
	"65": {
		"note_uid": "s030903",
		"time": 43.72,
		"level": 1,
		"id": 65
	},
	"66": {
		"note_uid": "s001103",
		"time": 43.89,
		"level": 1,
		"id": 66
	},
	"67": {
		"note_uid": "s030903",
		"time": 44.43,
		"level": 1,
		"id": 67
	},
	"68": {
		"note_uid": "s030903",
		"time": 44.72,
		"level": 1,
		"id": 68
	},
	"69": {
		"note_uid": "s030801",
		"time": 45.010000000000005,
		"level": 1,
		"id": 69
	},
	"70": {
		"note_uid": "s030903",
		"time": 45.39,
		"level": 1,
		"id": 70
	},
	"71": {
		"note_uid": "s030801",
		"time": 46.06,
		"level": 1,
		"id": 71
	},
	"72": {
		"note_uid": "s030702",
		"time": 46.43,
		"level": 1,
		"id": 72
	},
	"73": {
		"note_uid": "s030702",
		"time": 46.6,
		"level": 1,
		"id": 73
	},
	"74": {
		"note_uid": "s030903",
		"time": 47.06,
		"level": 1,
		"id": 74
	},
	"75": {
		"note_uid": "s001102",
		"time": 47.43,
		"level": 1,
		"id": 75
	},
	"76": {
		"note_uid": "s001102",
		"time": 48.1,
		"level": 1,
		"id": 76
	},
	"77": {
		"note_uid": "s030903",
		"time": 48.72,
		"level": 1,
		"id": 77
	},
	"78": {
		"note_uid": "s030903",
		"time": 49.010000000000005,
		"level": 1,
		"id": 78
	},
	"79": {
		"note_uid": "s001102",
		"time": 49.18,
		"level": 1,
		"id": 79
	},
	"80": {
		"note_uid": "s030903",
		"time": 49.760000000000005,
		"level": 1,
		"id": 80
	},
	"81": {
		"note_uid": "s001102",
		"time": 50.1,
		"level": 1,
		"id": 81
	},
	"82": {
		"note_uid": "s000701",
		"time": 50.760000000000005,
		"level": 1,
		"id": 82
	},
	"83": {
		"note_uid": "s030801",
		"time": 51.43,
		"level": 1,
		"id": 83
	},
	"84": {
		"note_uid": "s030903",
		"time": 51.72,
		"level": 1,
		"id": 84
	},
	"85": {
		"note_uid": "s030801",
		"time": 51.89,
		"level": 1,
		"id": 85
	},
	"86": {
		"note_uid": "s030903",
		"time": 52.39,
		"level": 1,
		"id": 86
	},
	"87": {
		"note_uid": "s001102",
		"time": 52.760000000000005,
		"level": 1,
		"id": 87
	},
	"88": {
		"note_uid": "s030903",
		"time": 53.39,
		"level": 1,
		"id": 88
	},
	"89": {
		"note_uid": "s030801",
		"time": 54.010000000000005,
		"level": 1,
		"id": 89
	},
	"90": {
		"note_uid": "s030702",
		"time": 54.39,
		"level": 1,
		"id": 90
	},
	"91": {
		"note_uid": "s030702",
		"time": 54.56,
		"level": 1,
		"id": 91
	},
	"92": {
		"note_uid": "s001102",
		"time": 55.39,
		"level": 1,
		"id": 92
	},
	"93": {
		"note_uid": "s031001",
		"time": 56.1,
		"level": 1,
		"id": 93
	},
	"94": {
		"note_uid": "s030801",
		"time": 56.760000000000005,
		"level": 1,
		"id": 94
	},
	"95": {
		"note_uid": "s030702",
		"time": 57.1,
		"level": 1,
		"id": 95
	},
	"96": {
		"note_uid": "s030702",
		"time": 57.260000000000005,
		"level": 1,
		"id": 96
	},
	"97": {
		"note_uid": "s000701",
		"time": 57.760000000000005,
		"level": 1,
		"id": 97
	},