{
	"1": {
		"time": 8.49,
		"note_uid": "s030801",
		"id": 1,
		"level": 1
	},
	"2": {
		"time": 9.43,
		"note_uid": "s030801",
		"id": 2,
		"level": 1
	},
	"3": {
		"time": 10.37,
		"note_uid": "s030801",
		"id": 3,
		"level": 1
	},
	"4": {
		"time": 11.31,
		"note_uid": "s030801",
		"id": 4,
		"level": 1
	},
	"5": {
		"time": 12.24,
		"note_uid": "s030801",
		"id": 5,
		"level": 1
	},
	"6": {
		"time": 13.18,
		"note_uid": "s030801",
		"id": 6,
		"level": 1
	},
	"7": {
		"time": 14.12,
		"note_uid": "s000403",
		"id": 7,
		"level": 1
	},
	"8": {
		"time": 14.59,
		"note_uid": "s000201",
		"id": 8,
		"level": 1
	},
	"9": {
		"time": 15.05,
		"note_uid": "s030701",
		"id": 9,
		"level": 1
	},
	"10": {
		"time": 15.29,
		"note_uid": "s030701",
		"id": 10,
		"level": 1
	},
	"11": {
		"time": 15.52,
		"note_uid": "s030701",
		"id": 11,
		"level": 1
	},
	"12": {
		"time": 19.27,
		"note_uid": "s000201",
		"id": 12,
		"level": 1
	},
	"13": {
		"time": 19.74,
		"note_uid": "s000901",
		"id": 13,
		"level": 1
	},
	"14": {
		"time": 19.91,
		"note_uid": "s000901",
		"id": 14,
		"level": 1
	},
	"15": {
		"time": 20.08,
		"note_uid": "s000901",
		"id": 15,
		"level": 1
	},
	"16": {
		"time": 20.250000000000004,
		"note_uid": "s000901",
		"id": 16,
		"level": 1
	},
	"17": {
		"time": 20.420000000000005,
		"note_uid": "s000901",
		"id": 17,
		"level": 1
	},
	"18": {
		"time": 20.590000000000007,
		"note_uid": "s000902",
		"id": 18,
		"level": 1
	},
	"19": {
		"time": 21.15,
		"note_uid": "s000201",
		"id": 19,
		"level": 1
	},
	"20": {
		"time": 21.62,
		"note_uid": "s000901",
		"id": 20,
		"level": 1
	},
	"21": {
		"time": 21.790000000000003,
		"note_uid": "s000901",
		"id": 21,
		"level": 1
	},
	"22": {
		"time": 21.960000000000004,
		"note_uid": "s000901",
		"id": 22,
		"level": 1
	},
	"23": {
		"time": 22.13000000000001,
		"note_uid": "s000901",
		"id": 23,
		"level": 1
	},
	"24": {
		"time": 22.300000000000008,
		"note_uid": "s000901",
		"id": 24,
		"level": 1
	},
	"25": {
		"time": 22.47000000000001,
		"note_uid": "s000901",
		"id": 25,
		"level": 1
	},
	"26": {
		"time": 22.64000000000001,
		"note_uid": "s000902",
		"id": 26,
		"level": 1
	},
	"27": {
		"time": 23.02,
		"note_uid": "s000403",
		"id": 27,
		"level": 1
	},
	"28": {
		"time": 23.49,
		"note_uid": "s000901",
		"id": 28,
		"level": 1
	},
	"29": {
		"time": 23.66,
		"note_uid": "s000901",
		"id": 29,
		"level": 1
	},
	"30": {
		"time": 23.83,
		"note_uid": "s000901",
		"id": 30,
		"level": 1
	},
	"31": {
		"time": 24.000000000000004,
		"note_uid": "s000901",
		"id": 31,
		"level": 1
	},
	"32": {
		"time": 24.170000000000005,
		"note_uid": "s000901",
		"id": 32,
		"level": 1
	},
	"33": {
		"time": 24.340000000000007,
		"note_uid": "s000901",
		"id": 33,
		"level": 1
	},
	"34": {
		"time": 24.51000000000001,
		"note_uid": "s000901",
		"id": 34,
		"level": 1
	},
	"35": {
		"time": 24.68000000000001,
		"note_uid": "s000901",
		"id": 35,
		"level": 1
	},
	"36": {
		"time": 24.850000000000012,
		"note_uid": "s000902",
		"id": 36,
		"level": 1
	},
	"37": {
		"time": 25.37,
		"note_uid": "s000201",
		"id": 37,
		"level": 1
	},
	"38": {
		"time": 25.84,
		"note_uid": "s000201",
		"id": 38,
		"level": 1
	},
	"39": {
		"time": 26.3,
		"note_uid": "s030701",
		"id": 39,
		"level": 1
	},
	"40": {
		"time": 26.54,
		"note_uid": "s030701",
		"id": 40,
		"level": 1
	},
	"41": {
		"time": 26.77,
		"note_uid": "s030701",
		"id": 41,
		"level": 1
	},
	"42": {
		"time": 27.24,
		"note_uid": "s000201",
		"id": 42,
		"level": 1
	},
	"43": {
		"time": 27.71,
		"note_uid": "s031001",
		"id": 43,
		"level": 1
	},
	"44": {
		"time": 28.18,
		"note_uid": "s000201",
		"id": 44,
		"level": 1
	},
	"45": {
		"time": 28.65,
		"note_uid": "s031001",
		"id": 45,
		"level": 1
	},
	"46": {
		"time": 29.12,
		"note_uid": "s031001",
		"id": 46,
		"level": 1
	},
	"47": {
		"time": 29.59,
		"note_uid": "s031001",
		"id": 47,
		"level": 1
	},
	"48": {
		"time": 30.05,
		"note_uid": "s000201",
		"id": 48,
		"level": 1
	},
	"49": {
		"time": 30.52,
		"note_uid": "s030701",
		"id": 49,
		"level": 1
	},
	"50": {
		"time": 30.76,
		"note_uid": "s030701",
		"id": 50,
		"level": 1
	},
	"51": {
		"time": 30.99,
		"note_uid": "s000404",
		"id": 51,
		"level": 1
	},
	"52": {
		"time": 31.46,
		"note_uid": "s000201",
		"id": 52,
		"level": 1
	},
	"53": {
		"time": 31.93,
		"note_uid": "s031001",
		"id": 53,
		"level": 1
	},
	"54": {
		"time": 32.4,
		"note_uid": "s031001",
		"id": 54,
		"level": 1
	},
	"55": {
		"time": 32.87,
		"note_uid": "s030701",
		"id": 55,
		"level": 1
	},
	"56": {
		"time": 33.1,
		"note_uid": "s030701",
		"id": 56,
		"level": 1
	},
	"57": {
		"time": 33.33,
		"note_uid": "s030701",
		"id": 57,
		"level": 1
	},
	"58": {
		"time": 33.57,
		"note_uid": "s030701",
		"id": 58,
		"level": 1
	},
	"59": {
		"time": 33.8,
		"note_uid": "s030701",
		"id": 59,
		"level": 1
	},
	"60": {
		"time": 34.27,
		"note_uid": "s000601",
		"id": 60,
		"level": 1
	},
	"61": {
		"time": 34.74,
		"note_uid": "s000201",
		"id": 61,
		"level": 1
	},
	"62": {
		"time": 35.21,
		"note_uid": "s030902",
		"id": 62,
		"level": 1
	},
	"63": {
		"time": 35.68,
		"note_uid": "s000201",
		"id": 63,
		"level": 1
	},
	"64": {
		"time": 36.15,
		"note_uid": "s030902",
		"id": 64,
		"level": 1
	},
	"65": {
		"time": 36.62,
		"note_uid": "s000201",
		"id": 65,
		"level": 1
	},
	"66": {
		"time": 37.08,
		"note_uid": "s030902",
		"id": 66,
		"level": 1
	},
	"67": {
		"time": 37.55,
		"note_uid": "s030902",
		"id": 67,
		"level": 1
	},
	"68": {
		"time": 38.02,
		"note_uid": "s000201",
		"id": 68,
		"level": 1
	},
	"69": {
		"time": 38.49,
		"note_uid": "s000201",
		"id": 69,
		"level": 1
	},
	"70": {
		"time": 38.96,
		"note_uid": "s030902",
		"id": 70,
		"level": 1
	},
	"71": {
		"time": 39.43,
		"note_uid": "s030902",
		"id": 71,
		"level": 1
	},
	"72": {
		"time": 39.9,
		"note_uid": "s030902",
		"id": 72,
		"level": 1
	},
	"73": {
		"time": 40.37,
		"note_uid": "s000201",
		"id": 73,
		"level": 1
	},
	"74": {
		"time": 40.83,
		"note_uid": "s000201",
		"id": 74,
		"level": 1
	},
	"75": {
		"time": 41.3,
		"note_uid": "s030701",
		"id": 75,
		"level": 1
	},
	"76": {
		"time": 41.54,
		"note_uid": "s030701",
		"id": 76,
		"level": 1
	},
	"77": {
		"time": 41.77,
		"note_uid": "s030701",
		"id": 77,
		"level": 1
	},
	"78": {
		"time": 42.24,
		"note_uid": "s000201",
		"id": 78,
		"level": 1
	},
	"79": {
		"time": 42.71,
		"note_uid": "s000403",
		"id": 79,
		"level": 1
	},
	"80": {
		"time": 43.18,
		"note_uid": "s030701",
		"id": 80,
		"level": 1
	},
	"81": {
		"time": 43.41,
		"note_uid": "s030701",
		"id": 81,
		"level": 1
	},
	"82": {
		"time": 43.65,
		"note_uid": "s030701",
		"id": 82,
		"level": 1
	},
	"83": {
		"time": 44.12,
		"note_uid": "s000201",
		"id": 83,
		"level": 1
	},
	"84": {
		"time": 44.58,
		"note_uid": "s030902",
		"id": 84,
		"level": 1
	},
	"85": {
		"time": 45.05,
		"note_uid": "s000504",
		"id": 85,
		"level": 1
	},
	"86": {
		"time": 45.29,
		"note_uid": "s000504",
		"id": 86,
		"level": 1
	},
	"87": {
		"time": 45.52,
		"note_uid": "s000503",
		"id": 87,
		"level": 1
	},
	"88": {
		"time": 45.99,
		"note_uid": "s030902",
		"id": 88,
		"level": 1
	},
	"89": {
		"time": 46.46,
		"note_uid": "s000201",
		"id": 89,
		"level": 1
	},
	"90": {
		"time": 46.93,
		"note_uid": "s030701",
		"id": 90,
		"level": 1
	},
	"91": {
		"time": 47.16,
		"note_uid": "s030701",
		"id": 91,
		"level": 1
	},
	"92": {
		"time": 47.4,
		"note_uid": "s030701",
		"id": 92,
		"level": 1
	},
	"93": {
		"time": 47.86,
		"note_uid": "s000504",
		"id": 93,
		"level": 1
	},
	"94": {
		"time": 48.1,
		"note_uid": "s000504",
		"id": 94,
		"level": 1
	},
	"95": {
		"time": 48.33,
		"note_uid": "s000503",
		"id": 95,
		"level": 1
	},
	"96": {
		"time": 48.57,
		"note_uid": "s030701",
		"id": 96,
		"level": 1
	},
	"97": {
		"time": 48.8,
		"note_uid": "s030701",
		"id": 97,
		"level": 1
	},
	"98": {
		"time": 49.27,
		"note_uid": "s000601",
		"id": 98,