{
	"1": {
		"note_uid": "s050601",
		"time": 4.74,
		"level": 1,
		"id": 1
	},
	"2": {
		"note_uid": "s051301",
		"time": 5.88,
		"level": 1,
		"id": 2
	},
	"3": {
		"note_uid": "s051301",
		"time": 6.31,
		"level": 1,
		"id": 3
	},
	"4": {
		"note_uid": "s050901",
		"time": 7.02,
		"level": 1,
		"id": 4
	},
	"5": {
		"note_uid": "s050901",
		"time": 7.27,
		"level": 1,
		"id": 5
	},
	"6": {
		"note_uid": "s050901",
		"time": 7.56,
		"level": 1,
		"id": 6
	},
	"7": {
		"note_uid": "s050601",
		"time": 9.31,
		"level": 1,
		"id": 7
	},
	"8": {
		"note_uid": "s050601",
		"time": 9.88,
		"level": 1,
		"id": 8
	},
	"9": {
		"note_uid": "s050901",
		"time": 10.45,
		"level": 1,
		"id": 9
	},
	"10": {
		"note_uid": "s050901",
		"time": 10.59,
		"level": 1,
		"id": 10
	},
	"11": {
		"note_uid": "s050901",
		"time": 10.88,
		"level": 1,
		"id": 11
	},
	"12": {
		"note_uid": "s000901",
		"time": 11.52,
		"level": 1,
		"id": 12
	},
	"13": {
		"note_uid": "s000901",
		"time": 11.71,
		"level": 1,
		"id": 13
	},
	"14": {
		"note_uid": "s000901",
		"time": 11.9,
		"level": 1,
		"id": 14
	},
	"15": {
		"note_uid": "s000901",
		"time": 12.089999999999998,
		"level": 1,
		"id": 15
	},
	"16": {
		"note_uid": "s000901",
		"time": 12.279999999999998,
		"level": 1,
		"id": 16
	},
	"17": {
		"note_uid": "s000901",
		"time": 12.469999999999995,
		"level": 1,
		"id": 17
	},
	"18": {
		"note_uid": "s000901",
		"time": 12.659999999999997,
		"level": 1,
		"id": 18
	},
	"19": {
		"note_uid": "s000901",
		"time": 12.849999999999996,
		"level": 1,
		"id": 19
	},
	"20": {
		"note_uid": "s000902",
		"time": 13.04,
		"level": 1,
		"id": 20
	},
	"21": {
		"note_uid": "s000504",
		"time": 13.27,
		"level": 1,
		"id": 21
	},
	"22": {
		"note_uid": "s050601",
		"time": 13.84,
		"level": 1,
		"id": 22
	},
	"23": {
		"note_uid": "s050601",
		"time": 14.45,
		"level": 1,
		"id": 23
	},
	"24": {
		"note_uid": "s050601",
		"time": 15.02,
		"level": 1,
		"id": 24
	},
	"25": {
		"note_uid": "s050702",
		"time": 15.52,
		"level": 1,
		"id": 25
	},
	"26": {
		"note_uid": "s050702",
		"time": 15.73,
		"level": 1,
		"id": 26
	},
	"27": {
		"note_uid": "s050702",
		"time": 16.02,
		"level": 1,
		"id": 27
	},
	"28": {
		"note_uid": "s050203",
		"time": 16.16,
		"level": 1,
		"id": 28
	},
	"29": {
		"note_uid": "s050801",
		"time": 16.73,
		"level": 1,
		"id": 29
	},
	"30": {
		"note_uid": "s050201",
		"time": 17.16,
		"level": 1,
		"id": 30
	},
	"31": {
		"note_uid": "s050704",
		"time": 17.3,
		"level": 1,
		"id": 31
	},
	"32": {
		"note_uid": "s050702",
		"time": 17.87,
		"level": 1,
		"id": 32
	},
	"33": {
		"note_uid": "s000601",
		"time": 18.44,
		"level": 1,
		"id": 33
	},
	"34": {
		"note_uid": "s000601",
		"time": 18.73,
		"level": 1,
		"id": 34
	},
	"35": {
		"note_uid": "s000601",
		"time": 18.98,
		"level": 1,
		"id": 35
	},
	"36": {
		"note_uid": "s051101",
		"time": 19.51,
		"level": 1,
		"id": 36
	},
	"37": {
		"note_uid": "s051101",
		"time": 19.73,
		"level": 1,
		"id": 37
	},
	"38": {
		"note_uid": "s051101",
		"time": 19.91,
		"level": 1,
		"id": 38
	},
	"39": {
		"note_uid": "s051101",
		"time": 20.09,
		"level": 1,
		"id": 39
	},
	"40": {
		"note_uid": "s050302",
		"time": 20.73,
		"level": 1,
		"id": 40
	},
	"41": {
		"note_uid": "s050803",
		"time": 21.01,
		"level": 1,
		"id": 41
	},
	"42": {
		"note_uid": "s050302",
		"time": 21.3,
		"level": 1,
		"id": 42
	},
	"43": {
		"note_uid": "s050803",
		"time": 21.58,
		"level": 1,
		"id": 43
	},
	"44": {
		"note_uid": "s051101",
		"time": 21.87,
		"level": 1,
		"id": 44
	},
	"45": {
		"note_uid": "s051101",
		"time": 22.01,
		"level": 1,
		"id": 45
	},
	"46": {
		"note_uid": "s051101",
		"time": 22.16,
		"level": 1,
		"id": 46
	},
	"47": {
		"note_uid": "s051101",
		"time": 22.33,
		"level": 1,
		"id": 47
	},
	"48": {
		"note_uid": "s050601",
		"time": 23.01,
		"level": 1,
		"id": 48
	},
	"49": {
		"note_uid": "s050601",
		"time": 23.58,
		"level": 1,
		"id": 49
	},
	"50": {
		"note_uid": "s050801",
		"time": 24.15,
		"level": 1,
		"id": 50
	},
	"51": {
		"note_uid": "s050301",
		"time": 24.44,
		"level": 1,
		"id": 51
	},
	"52": {
		"note_uid": "s050801",
		"time": 24.72,
		"level": 1,
		"id": 52
	},
	"53": {
		"note_uid": "s050601",
		"time": 25.3,
		"level": 1,
		"id": 53
	},
	"54": {
		"note_uid": "s050601",
		"time": 25.87,
		"level": 1,
		"id": 54
	},
	"55": {
		"note_uid": "s050801",
		"time": 26.44,
		"level": 1,
		"id": 55
	},
	"56": {
		"note_uid": "s050301",
		"time": 26.72,
		"level": 1,
		"id": 56
	},
	"57": {
		"note_uid": "s050801",
		"time": 27.01,
		"level": 1,
		"id": 57
	},
	"58": {
		"note_uid": "s000601",
		"time": 27.58,
		"level": 1,
		"id": 58
	},
	"59": {
		"note_uid": "s000601",
		"time": 28.01,
		"level": 1,
		"id": 59
	},
	"60": {
		"note_uid": "s000901",
		"time": 28.44,
		"level": 1,
		"id": 60
	},
	"61": {
		"note_uid": "s000901",
		"time": 28.630000000000003,
		"level": 1,
		"id": 61
	},
	"62": {
		"note_uid": "s000901",
		"time": 28.820000000000004,
		"level": 1,
		"id": 62
	},
	"63": {
		"note_uid": "s000901",
		"time": 29.010000000000005,
		"level": 1,
		"id": 63
	},
	"64": {
		"note_uid": "s000902",
		"time": 29.200000000000006,
		"level": 1,
		"id": 64
	},
	"65": {
		"note_uid": "s050601",
		"time": 29.86,
		"level": 1,
		"id": 65
	},
	"66": {
		"note_uid": "s050601",
		"time": 30.44,
		"level": 1,
		"id": 66
	},
	"67": {
		"note_uid": "s050702",
		"time": 31.01,
		"level": 1,
		"id": 67
	},
	"68": {
		"note_uid": "s050702",
		"time": 31.29,
		"level": 1,
		"id": 68
	},
	"69": {
		"note_uid": "s050702",
		"time": 31.58,
		"level": 1,
		"id": 69
	},
	"70": {
		"note_uid": "s050203",
		"time": 31.86,
		"level": 1,
		"id": 70
	},
	"71": {
		"note_uid": "s050704",
		"time": 32.15,
		"level": 1,
		"id": 71
	},
	"72": {
		"note_uid": "s011408",
		"time": 32.43,
		"level": 1,
		"id": 72
	},
	"73": {
		"note_uid": "s050704",
		"time": 32.72,
		"level": 1,
		"id": 73
	},
	"74": {
		"note_uid": "s011408",
		"time": 33.01,
		"level": 1,
		"id": 74
	},
	"75": {
		"note_uid": "s050702",
		"time": 33.29,
		"level": 1,
		"id": 75
	},
	"76": {
		"note_uid": "s050702",
		"time": 33.43,
		"level": 1,
		"id": 76
	},
	"77": {
		"note_uid": "s051101",
		"time": 33.72,
		"level": 1,
		"id": 77
	},
	"78": {
		"note_uid": "s050201",
		"time": 34.18,
		"level": 1,
		"id": 78
	},
	"79": {
		"note_uid": "s050901",
		"time": 34.47,
		"level": 1,
		"id": 79
	},
	"80": {
		"note_uid": "s050901",
		"time": 34.72,
		"level": 1,
		"id": 80
	},
	"81": {
		"note_uid": "s051101",
		"time": 35,
		"level": 1,
		"id": 81
	},
	"82": {
		"note_uid": "s051101",
		"time": 35.15,
		"level": 1,
		"id": 82
	},
	"83": {
		"note_uid": "s051101",
		"time": 35.29,
		"level": 1,
		"id": 83
	},
	"84": {
		"note_uid": "s051101",
		"time": 35.5,
		"level": 1,
		"id": 84
	},
	"85": {
		"note_uid": "s000901",
		"time": 35.79,
		"level": 1,
		"id": 85
	},
	"86": {
		"note_uid": "s000901",
		"time": 35.98,
		"level": 1,
		"id": 86
	},
	"87": {
		"note_uid": "s000901",
		"time": 36.169999999999995,
		"level": 1,
		"id": 87
	},
	"88": {
		"note_uid": "s000901",
		"time": 36.35999999999999,
		"level": 1,
		"id": 88
	},
	"89": {
		"note_uid": "s000902",
		"time": 36.55,
		"level": 1,
		"id": 89
	},
	"90": {
		"note_uid": "s050801",
		"time": 36.75,
		"level": 1,
		"id": 90
	},
	"91": {
		"note_uid": "s050201",
		"time": 37.04,
		"level": 1,
		"id": 91
	},
	"92": {
		"note_uid": "s050704",
		"time": 37.32,
		"level": 1,
		"id": 92
	},
	"93": {
		"note_uid": "s011408",
		"time": 37.61,
		"level": 1,
		"id": 93
	},
	"94": {
		"note_uid": "s050702",
		"time": 37.89,
		"level": 1,
		"id": 94
	},
	"95": {
		"note_uid": "s050702",
		"time": 38.04,
		"level": 1,
		"id": 95
	},
	"96": {
		"note_uid": "s051101",
		"time": 38.36,
		"level": 1,
		"id": 96
	},
	"97": {
		"note_uid": "s050201",
		"time": 38.72,
		"level": 1,
		"id": 97
	},
	"98": {
		"note_uid": "s051301",
		"time": 39,
		"level": 1,
		"id": 98
	},
	"99": {
		"note_uid": "s051301",
		"time": 39.14,