{
	"1": {
		"time": 5.679999999999999,
		"note_uid": "s000504",
		"id": 1,
		"level": 1
	},
	"2": {
		"time": 6.099999999999999,
		"note_uid": "s000504",
		"id": 2,
		"level": 1
	},
	"3": {
		"time": 6.529999999999999,
		"note_uid": "s000504",
		"id": 3,
		"level": 1
	},
	"4": {
		"time": 6.949999999999999,
		"note_uid": "s000504",
		"id": 4,
		"level": 1
	},
	"5": {
		"time": 7.37,
		"note_uid": "s000503",
		"id": 5,
		"level": 1
	},
	"6": {
		"time": 8.64,
		"note_uid": "s031001",
		"id": 6,
		"level": 1
	},
	"7": {
		"time": 9.48,
		"note_uid": "s031001",
		"id": 7,
		"level": 1
	},
	"8": {
		"time": 10.33,
		"note_uid": "s000201",
		"id": 8,
		"level": 1
	},
	"9": {
		"time": 11.17,
		"note_uid": "s031001",
		"id": 9,
		"level": 1
	},
	"10": {
		"time": 12.02,
		"note_uid": "s031001",
		"id": 10,
		"level": 1
	},
	"11": {
		"time": 12.86,
		"note_uid": "s031001",
		"id": 11,
		"level": 1
	},
	"12": {
		"time": 13.71,
		"note_uid": "s000201",
		"id": 12,
		"level": 1
	},
	"13": {
		"time": 14.55,
		"note_uid": "s031001",
		"id": 13,
		"level": 1
	},
	"14": {
		"time": 14.98,
		"note_uid": "s031001",
		"id": 14,
		"level": 1
	},
	"15": {
		"time": 15.4,
		"note_uid": "s000201",
		"id": 15,
		"level": 1
	},
	"16": {
		"time": 15.82,
		"note_uid": "s031001",
		"id": 16,
		"level": 1
	},
	"17": {
		"time": 16.24,
		"note_uid": "s031001",
		"id": 17,
		"level": 1
	},
	"18": {
		"time": 16.669999999999998,
		"note_uid": "s000201",
		"id": 18,
		"level": 1
	},
	"19": {
		"time": 17.09,
		"note_uid": "s000201",
		"id": 19,
		"level": 1
	},
	"20": {
		"time": 17.509999999999998,
		"note_uid": "s031001",
		"id": 20,
		"level": 1
	},
	"21": {
		"time": 17.93,
		"note_uid": "s031001",
		"id": 21,
		"level": 1
	},
	"22": {
		"time": 18.36,
		"note_uid": "s031001",
		"id": 22,
		"level": 1
	},
	"23": {
		"time": 18.78,
		"note_uid": "s000201",
		"id": 23,
		"level": 1
	},
	"24": {
		"time": 19.2,
		"note_uid": "s000901",
		"id": 24,
		"level": 1
	},
	"25": {
		"time": 19.37,
		"note_uid": "s000901",
		"id": 25,
		"level": 1
	},
	"26": {
		"time": 19.540000000000003,
		"note_uid": "s000901",
		"id": 26,
		"level": 1
	},
	"27": {
		"time": 19.710000000000004,
		"note_uid": "s000901",
		"id": 27,
		"level": 1
	},
	"28": {
		"time": 19.88000000000001,
		"note_uid": "s000901",
		"id": 28,
		"level": 1
	},
	"29": {
		"time": 20.050000000000008,
		"note_uid": "s000902",
		"id": 29,
		"level": 1
	},
	"30": {
		"time": 20.47,
		"note_uid": "s000201",
		"id": 30,
		"level": 1
	},
	"31": {
		"time": 20.889999999999997,
		"note_uid": "s030901",
		"id": 31,
		"level": 1
	},
	"32": {
		"time": 21.31,
		"note_uid": "s030901",
		"id": 32,
		"level": 1
	},
	"33": {
		"time": 22.159999999999997,
		"note_uid": "s000201",
		"id": 33,
		"level": 1
	},
	"34": {
		"time": 22.58,
		"note_uid": "s030901",
		"id": 34,
		"level": 1
	},
	"35": {
		"time": 23,
		"note_uid": "s030901",
		"id": 35,
		"level": 1
	},
	"36": {
		"time": 23.43,
		"note_uid": "s030901",
		"id": 36,
		"level": 1
	},
	"37": {
		"time": 24.27,
		"note_uid": "s000201",
		"id": 37,
		"level": 1
	},
	"38": {
		"time": 24.69,
		"note_uid": "s030901",
		"id": 38,
		"level": 1
	},
	"39": {
		"time": 25.119999999999997,
		"note_uid": "s030901",
		"id": 39,
		"level": 1
	},
	"40": {
		"time": 25.54,
		"note_uid": "s000201",
		"id": 40,
		"level": 1
	},
	"41": {
		"time": 25.959999999999997,
		"note_uid": "s030701",
		"id": 41,
		"level": 1
	},
	"42": {
		"time": 26.38,
		"note_uid": "s030701",
		"id": 42,
		"level": 1
	},
	"43": {
		"time": 26.81,
		"note_uid": "s030701",
		"id": 43,
		"level": 1
	},
	"44": {
		"time": 27.229999999999997,
		"note_uid": "s030701",
		"id": 44,
		"level": 1
	},
	"45": {
		"time": 27.65,
		"note_uid": "s000201",
		"id": 45,
		"level": 1
	},
	"46": {
		"time": 28.5,
		"note_uid": "s031001",
		"id": 46,
		"level": 1
	},
	"47": {
		"time": 28.92,
		"note_uid": "s000403",
		"id": 47,
		"level": 1
	},
	"48": {
		"time": 29.34,
		"note_uid": "s031001",
		"id": 48,
		"level": 1
	},
	"49": {
		"time": 30.19,
		"note_uid": "s030301",
		"id": 49,
		"level": 1
	},
	"50": {
		"time": 30.61,
		"note_uid": "s030301",
		"id": 50,
		"level": 1
	},
	"51": {
		"time": 31.03,
		"note_uid": "s000201",
		"id": 51,
		"level": 1
	},
	"52": {
		"time": 31.45,
		"note_uid": "s030301",
		"id": 52,
		"level": 1
	},
	"53": {
		"time": 32.300000000000004,
		"note_uid": "s000601",
		"id": 53,
		"level": 1
	},
	"54": {
		"time": 32.720000000000006,
		"note_uid": "s000901",
		"id": 54,
		"level": 1
	},
	"55": {
		"time": 32.89000000000001,
		"note_uid": "s000901",
		"id": 55,
		"level": 1
	},
	"56": {
		"time": 33.06000000000001,
		"note_uid": "s000901",
		"id": 56,
		"level": 1
	},
	"57": {
		"time": 33.23000000000001,
		"note_uid": "s000901",
		"id": 57,
		"level": 1
	},
	"58": {
		"time": 33.40000000000001,
		"note_uid": "s000901",
		"id": 58,
		"level": 1
	},
	"59": {
		"time": 33.570000000000014,
		"note_uid": "s000902",
		"id": 59,
		"level": 1
	},
	"60": {
		"time": 33.99,
		"note_uid": "s000503",
		"id": 60,
		"level": 1
	},
	"61": {
		"time": 34.830000000000005,
		"note_uid": "s000201",
		"id": 61,
		"level": 1
	},
	"62": {
		"time": 35.68000000000001,
		"note_uid": "s000201",
		"id": 62,
		"level": 1
	},
	"63": {
		"time": 36.53000000000001,
		"note_uid": "s000201",
		"id": 63,
		"level": 1
	},
	"64": {
		"time": 37.370000000000005,
		"note_uid": "s000201",
		"id": 64,
		"level": 1
	},
	"65": {
		"time": 37.790000000000006,
		"note_uid": "s030701",
		"id": 65,
		"level": 1
	},
	"66": {
		"time": 38.220000000000006,
		"note_uid": "s030701",
		"id": 66,
		"level": 1
	},
	"67": {
		"time": 38.64000000000001,
		"note_uid": "s000201",
		"id": 67,
		"level": 1
	},
	"68": {
		"time": 39.06,
		"note_uid": "s000201",
		"id": 68,
		"level": 1
	},
	"69": {
		"time": 39.48,
		"note_uid": "s030701",
		"id": 69,
		"level": 1
	},
	"70": {
		"time": 39.91,
		"note_uid": "s030701",
		"id": 70,
		"level": 1
	},
	"71": {
		"time": 40.330000000000005,
		"note_uid": "s030701",
		"id": 71,
		"level": 1
	},
	"72": {
		"time": 40.75000000000001,
		"note_uid": "s030701",
		"id": 72,
		"level": 1
	},
	"73": {
		"time": 41.17000000000001,
		"note_uid": "s000201",
		"id": 73,
		"level": 1
	},
	"74": {
		"time": 42.02,
		"note_uid": "s030901",
		"id": 74,
		"level": 1
	},
	"75": {
		"time": 42.86000000000001,
		"note_uid": "s000901",
		"id": 75,
		"level": 1
	},
	"76": {
		"time": 43.03000000000001,
		"note_uid": "s000901",
		"id": 76,
		"level": 1
	},
	"77": {
		"time": 43.20000000000001,
		"note_uid": "s000901",
		"id": 77,
		"level": 1
	},
	"78": {
		"time": 43.37000000000002,
		"note_uid": "s000901",
		"id": 78,
		"level": 1
	},
	"79": {
		"time": 43.54000000000001,
		"note_uid": "s000901",
		"id": 79,
		"level": 1
	},
	"80": {
		"time": 43.710000000000015,
		"note_uid": "s000902",
		"id": 80,
		"level": 1
	},
	"81": {
		"time": 43.06000000000001,
		"note_uid": "s000901",
		"id": 81,
		"level": 1
	},
	"82": {
		"time": 43.23000000000001,
		"note_uid": "s000901",
		"id": 82,
		"level": 1
	},
	"83": {
		"time": 43.40000000000001,
		"note_uid": "s000901",
		"id": 83,
		"level": 1
	},
	"84": {
		"time": 43.570000000000014,
		"note_uid": "s000901",
		"id": 84,
		"level": 1
	},
	"85": {
		"time": 43.740000000000016,
		"note_uid": "s000902",
		"id": 85,
		"level": 1
	},
	"86": {
		"time": 44.13,
		"note_uid": "s000201",
		"id": 86,
		"level": 1
	},
	"87": {
		"time": 44.55,
		"note_uid": "s030601",
		"id": 87,
		"level": 1
	},
	"88": {
		"time": 44.98,
		"note_uid": "s000201",
		"id": 88,
		"level": 1
	},
	"89": {
		"time": 45.400000000000006,
		"note_uid": "s030501",
		"id": 89,
		"level": 1
	},
	"90": {
		"time": 45.82000000000001,
		"note_uid": "s000201",
		"id": 90,
		"level": 1
	},
	"91": {
		"time": 46.24,
		"note_uid": "s030601",
		"id": 91,
		"level": 1
	},
	"92": {
		"time": 46.67000000000001,
		"note_uid": "s030501",
		"id": 92,
		"level": 1
	},
	"93": {
		"time": 47.09,
		"note_uid": "s030601",
		"id": 93,
		"level": 1
	},