{
	"1": {
		"time": 11.48,
		"note_uid": "s031001",
		"id": 1,
		"level": 1
	},
	"2": {
		"time": 13.38,
		"note_uid": "s031001",
		"id": 2,
		"level": 1
	},
	"3": {
		"time": 15.29,
		"note_uid": "s031001",
		"id": 3,
		"level": 1
	},
	"4": {
		"time": 21,
		"note_uid": "s000201",
		"id": 4,
		"level": 1
	},
	"5": {
		"time": 22.91,
		"note_uid": "s000201",
		"id": 5,
		"level": 1
	},
	"6": {
		"time": 24.81,
		"note_uid": "s031001",
		"id": 6,
		"level": 1
	},
	"7": {
		"time": 26.76,
		"note_uid": "s000201",
		"id": 7,
		"level": 1
	},
	"8": {
		"time": 28.67,
		"note_uid": "s031001",
		"id": 8,
		"level": 1
	},
	"9": {
		"time": 34.33,
		"note_uid": "s000901",
		"id": 9,
		"level": 1
	},
	"10": {
		"time": 34.5,
		"note_uid": "s000901",
		"id": 10,
		"level": 1
	},
	"11": {
		"time": 34.669999999999995,
		"note_uid": "s000901",
		"id": 11,
		"level": 1
	},
	"12": {
		"time": 34.839999999999996,
		"note_uid": "s000901",
		"id": 12,
		"level": 1
	},
	"13": {
		"time": 35.01,
		"note_uid": "s000901",
		"id": 13,
		"level": 1
	},
	"14": {
		"time": 35.18,
		"note_uid": "s000902",
		"id": 14,
		"level": 1
	},
	"15": {
		"time": 36.01,
		"note_uid": "s000901",
		"id": 15,
		"level": 1
	},
	"16": {
		"time": 36.18,
		"note_uid": "s000901",
		"id": 16,
		"level": 1
	},
	"17": {
		"time": 36.349999999999994,
		"note_uid": "s000901",
		"id": 17,
		"level": 1
	},
	"18": {
		"time": 36.52,
		"note_uid": "s000901",
		"id": 18,
		"level": 1
	},
	"19": {
		"time": 36.69,
		"note_uid": "s000901",
		"id": 19,
		"level": 1
	},
	"20": {
		"time": 36.86,
		"note_uid": "s000902",
		"id": 20,
		"level": 1
	},
	"21": {
		"time": 38.15,
		"note_uid": "s000901",
		"id": 21,
		"level": 1
	},
	"22": {
		"time": 38.32,
		"note_uid": "s000901",
		"id": 22,
		"level": 1
	},
	"23": {
		"time": 38.489999999999995,
		"note_uid": "s000901",
		"id": 23,
		"level": 1
	},
	"24": {
		"time": 38.66,
		"note_uid": "s000901",
		"id": 24,
		"level": 1
	},
	"25": {
		"time": 38.83,
		"note_uid": "s000901",
		"id": 25,
		"level": 1
	},
	"26": {
		"time": 39,
		"note_uid": "s000902",
		"id": 26,
		"level": 1
	},
	"27": {
		"time": 44.99,
		"note_uid": "s000001",
		"id": 27,
		"level": 1
	}
}