{
	"1": {
		"Timming": 8.49,
		"Level": 1,
		"CubeType": "s030801",
		"Beat": 1
	},
	"2": {
		"Timming": 9.43,
		"Level": 1,
		"CubeType": "s030801",
		"Beat": 2
	},
	"3": {
		"Timming": 10.37,
		"Level": 1,
		"CubeType": "s030801",
		"Beat": 3
	},
	"4": {
		"Timming": 11.31,
		"Level": 1,
		"CubeType": "s030801",
		"Beat": 4
	},
	"5": {
		"Timming": 12.24,
		"Level": 1,
		"CubeType": "s030801",
		"Beat": 5
	},
	"6": {
		"Timming": 13.18,
		"Level": 1,
		"CubeType": "s030801",
		"Beat": 6
	},
	"7": {
		"Timming": 14.12,
		"Level": 1,
		"CubeType": "s000401",
		"Beat": 7
	},
	"8": {
		"Timming": 14.59,
		"Level": 1,
		"CubeType": "s000201",
		"Beat": 8
	},
	"9": {
		"Timming": 15.05,
		"Level": 1,
		"CubeType": "s030701",
		"Beat": 9
	},
	"10": {
		"Timming": 15.29,
		"Level": 1,
		"CubeType": "s030701",
		"Beat": 10
	},
	"11": {
		"Timming": 15.52,
		"Level": 1,
		"CubeType": "s030701",
		"Beat": 11
	},
	"12": {
		"Timming": 19.27,
		"Level": 1,
		"CubeType": "s000201",
		"Beat": 12
	},
	"13": {
		"Timming": 19.74,
		"Level": 1,
		"CubeType": "s000901",
		"Beat": 13
	},
	"14": {
		"Timming": 19.91,
		"Level": 1,
		"CubeType": "s000901",
		"Beat": 14
	},
	"15": {
		"Timming": 20.08,
		"Level": 1,
		"CubeType": "s000901",
		"Beat": 15
	},
	"16": {
		"Timming": 20.250000000000004,
		"Level": 1,
		"CubeType": "s000901",
		"Beat": 16
	},
	"17": {
		"Timming": 20.420000000000005,
		"Level": 1,
		"CubeType": "s000901",
		"Beat": 17
	},
	"18": {
		"Timming": 20.590000000000007,
		"Level": 1,
		"CubeType": "s000902",
		"Beat": 18
	},
	"19": {
		"Timming": 21.15,
		"Level": 1,
		"CubeType": "s000201",
		"Beat": 19
	},
	"20": {
		"Timming": 21.62,
		"Level": 1,
		"CubeType": "s000901",
		"Beat": 20
	},
	"21": {
		"Timming": 21.790000000000003,
		"Level": 1,
		"CubeType": "s000901",
		"Beat": 21
	},
	"22": {
		"Timming": 21.960000000000004,
		"Level": 1,
		"CubeType": "s000901",
		"Beat": 22
	},
	"23": {
		"Timming": 22.13000000000001,
		"Level": 1,
		"CubeType": "s000901",
		"Beat": 23
	},
	"24": {
		"Timming": 22.300000000000008,
		"Level": 1,
		"CubeType": "s000901",
		"Beat": 24
	},
	"25": {
		"Timming": 22.47000000000001,
		"Level": 1,
		"CubeType": "s000901",
		"Beat": 25
	},
	"26": {
		"Timming": 22.64000000000001,
		"Level": 1,
		"CubeType": "s000902",
		"Beat": 26
	},
	"27": {
		"Timming": 23.02,
		"Level": 1,
		"CubeType": "s000401",
		"Beat": 27
	},
	"28": {
		"Timming": 23.49,
		"Level": 1,
		"CubeType": "s000901",
		"Beat": 28
	},
	"29": {
		"Timming": 23.66,
		"Level": 1,
		"CubeType": "s000901",
		"Beat": 29
	},
	"30": {
		"Timming": 23.83,
		"Level": 1,
		"CubeType": "s000901",
		"Beat": 30
	},
	"31": {
		"Timming": 24.000000000000004,
		"Level": 1,
		"CubeType": "s000901",
		"Beat": 31
	},
	"32": {
		"Timming": 24.170000000000005,
		"Level": 1,
		"CubeType": "s000901",
		"Beat": 32
	},
	"33": {
		"Timming": 24.340000000000007,
		"Level": 1,
		"CubeType": "s000901",
		"Beat": 33
	},
	"34": {
		"Timming": 24.51000000000001,
		"Level": 1,
		"CubeType": "s000901",
		"Beat": 34
	},
	"35": {
		"Timming": 24.68000000000001,
		"Level": 1,
		"CubeType": "s000901",
		"Beat": 35
	},
	"36": {
		"Timming": 24.850000000000012,
		"Level": 1,
		"CubeType": "s000902",
		"Beat": 36
	},
	"37": {
		"Timming": 25.37,
		"Level": 1,
		"CubeType": "s000201",
		"Beat": 37
	},
	"38": {
		"Timming": 25.84,
		"Level": 1,
		"CubeType": "s000201",
		"Beat": 38
	},
	"39": {
		"Timming": 26.3,
		"Level": 1,
		"CubeType": "s030701",
		"Beat": 39
	},
	"40": {
		"Timming": 26.54,
		"Level": 1,
		"CubeType": "s030701",
		"Beat": 40
	},
	"41": {
		"Timming": 26.77,
		"Level": 1,
		"CubeType": "s030701",
		"Beat": 41
	},
	"42": {
		"Timming": 27.24,
		"Level": 1,
		"CubeType": "s000201",
		"Beat": 42
	},
	"43": {
		"Timming": 27.71,
		"Level": 1,
		"CubeType": "s031001",
		"Beat": 43
	},
	"44": {
		"Timming": 28.18,
		"Level": 1,
		"CubeType": "s000201",
		"Beat": 44
	},
	"45": {
		"Timming": 28.65,
		"Level": 1,
		"CubeType": "s031001",
		"Beat": 45
	},
	"46": {
		"Timming": 29.12,
		"Level": 1,
		"CubeType": "s031001",
		"Beat": 46
	},
	"47": {
		"Timming": 29.59,
		"Level": 1,
		"CubeType": "s031001",
		"Beat": 47
	},
	"48": {
		"Timming": 30.05,
		"Level": 1,
		"CubeType": "s000201",
		"Beat": 48
	},
	"49": {
		"Timming": 30.52,
		"Level": 1,
		"CubeType": "s030701",
		"Beat": 49
	},
	"50": {
		"Timming": 30.76,
		"Level": 1,
		"CubeType": "s030701",
		"Beat": 50
	},
	"51": {
		"Timming": 30.99,
		"Level": 1,
		"CubeType": "s000402",
		"Beat": 51
	},
	"52": {
		"Timming": 31.46,
		"Level": 1,
		"CubeType": "s000201",
		"Beat": 52
	},
	"53": {
		"Timming": 31.93,
		"Level": 1,
		"CubeType": "s031001",
		"Beat": 53
	},
	"54": {
		"Timming": 32.4,
		"Level": 1,
		"CubeType": "s031001",
		"Beat": 54
	},
	"55": {
		"Timming": 32.87,
		"Level": 1,
		"CubeType": "s030701",
		"Beat": 55
	},
	"56": {
		"Timming": 33.1,
		"Level": 1,
		"CubeType": "s030701",
		"Beat": 56
	},
	"57": {
		"Timming": 33.33,
		"Level": 1,
		"CubeType": "s030701",
		"Beat": 57
	},
	"58": {
		"Timming": 33.57,
		"Level": 1,
		"CubeType": "s030701",
		"Beat": 58
	},
	"59": {
		"Timming": 33.8,
		"Level": 1,
		"CubeType": "s030701",
		"Beat": 59
	},
	"60": {
		"Timming": 34.27,
		"Level": 1,
		"CubeType": "s000601",
		"Beat": 60
	},
	"61": {
		"Timming": 34.74,
		"Level": 1,
		"CubeType": "s000201",
		"Beat": 61
	},
	"62": {
		"Timming": 35.21,
		"Level": 1,
		"CubeType": "s030902",
		"Beat": 62
	},
	"63": {
		"Timming": 35.68,
		"Level": 1,
		"CubeType": "s000201",
		"Beat": 63
	},
	"64": {
		"Timming": 36.15,
		"Level": 1,
		"CubeType": "s030902",
		"Beat": 64
	},
	"65": {
		"Timming": 36.62,
		"Level": 1,
		"CubeType": "s000201",
		"Beat": 65
	},
	"66": {
		"Timming": 37.08,
		"Level": 1,
		"CubeType": "s030902",
		"Beat": 66
	},
	"67": {
		"Timming": 37.55,
		"Level": 1,
		"CubeType": "s030902",
		"Beat": 67
	},
	"68": {
		"Timming": 38.02,
		"Level": 1,
		"CubeType": "s000201",
		"Beat": 68
	},
	"69": {
		"Timming": 38.49,
		"Level": 1,
		"CubeType": "s000201",
		"Beat": 69
	},
	"70": {
		"Timming": 38.96,
		"Level": 1,
		"CubeType": "s030902",
		"Beat": 70
	},
	"71": {
		"Timming": 39.43,
		"Level": 1,
		"CubeType": "s030902",
		"Beat": 71
	},
	"72": {
		"Timming": 39.9,
		"Level": 1,
		"CubeType": "s030902",
		"Beat": 72
	},
	"73": {
		"Timming": 40.37,
		"Level": 1,
		"CubeType": "s000201",
		"Beat": 73
	},
	"74": {
		"Timming": 40.83,
		"Level": 1,
		"CubeType": "s000201",
		"Beat": 74
	},
	"75": {
		"Timming": 41.3,
		"Level": 1,
		"CubeType": "s030701",
		"Beat": 75
	},
	"76": {
		"Timming": 41.54,
		"Level": 1,
		"CubeType": "s030701",
		"Beat": 76
	},
	"77": {
		"Timming": 41.77,
		"Level": 1,
		"CubeType": "s030701",
		"Beat": 77
	},
	"78": {
		"Timming": 42.24,
		"Level": 1,
		"CubeType": "s000201",
		"Beat": 78
	},
	"79": {
		"Timming": 42.71,
		"Level": 1,
		"CubeType": "s000401",
		"Beat": 79
	},
	"80": {
		"Timming": 43.18,
		"Level": 1,
		"CubeType": "s030701",
		"Beat": 80
	},
	"81": {
		"Timming": 43.41,
		"Level": 1,
		"CubeType": "s030701",
		"Beat": 81
	},
	"82": {
		"Timming": 43.65,
		"Level": 1,
		"CubeType": "s030701",
		"Beat": 82
	},
	"83": {
		"Timming": 44.12,
		"Level": 1,
		"CubeType": "s000201",
		"Beat": 83
	},
	"84": {
		"Timming": 44.58,
		"Level": 1,
		"CubeType": "s030902",
		"Beat": 84
	},
	"85": {
		"Timming": 45.05,
		"Level": 1,
		"CubeType": "s000502",
		"Beat": 85
	},
	"86": {
		"Timming": 45.29,
		"Level": 1,
		"CubeType": "s000502",
		"Beat": 86
	},
	"87": {
		"Timming": 45.52,
		"Level": 1,
		"CubeType": "s000501",
		"Beat": 87
	},
	"88": {
		"Timming": 45.99,
		"Level": 1,
		"CubeType": "s030902",
		"Beat": 88
	},
	"89": {
		"Timming": 46.46,
		"Level": 1,
		"CubeType": "s000201",
		"Beat": 89
	},
	"90": {
		"Timming": 46.93,
		"Level": 1,
		"CubeType": "s030701",
		"Beat": 90
	},
	"91": {
		"Timming": 47.16,
		"Level": 1,
		"CubeType": "s030701",
		"Beat": 91
	},
	"92": {
		"Timming": 47.4,
		"Level": 1,
		"CubeType": "s030701",
		"Beat": 92
	},