{
	"1": {
		"Level": 1,
		"Timming": 5.679999999999999,
		"Beat": 1,
		"CubeType": "s000504"
	},
	"2": {
		"Level": 1,
		"Timming": 6.099999999999999,
		"Beat": 2,
		"CubeType": "s000504"
	},
	"3": {
		"Level": 1,
		"Timming": 6.529999999999999,
		"Beat": 3,
		"CubeType": "s000504"
	},
	"4": {
		"Level": 1,
		"Timming": 6.949999999999999,
		"Beat": 4,
		"CubeType": "s000504"
	},
	"5": {
		"Level": 1,
		"Timming": 7.37,
		"Beat": 5,
		"CubeType": "s000503"
	},
	"6": {
		"Level": 1,
		"Timming": 8.64,
		"Beat": 6,
		"CubeType": "s031001"
	},
	"7": {
		"Level": 1,
		"Timming": 9.48,
		"Beat": 7,
		"CubeType": "s031001"
	},
	"8": {
		"Level": 1,
		"Timming": 10.33,
		"Beat": 8,
		"CubeType": "s000201"
	},
	"9": {
		"Level": 1,
		"Timming": 11.17,
		"Beat": 9,
		"CubeType": "s031001"
	},
	"10": {
		"Level": 1,
		"Timming": 12.02,
		"Beat": 10,
		"CubeType": "s031001"
	},
	"11": {
		"Level": 1,
		"Timming": 12.86,
		"Beat": 11,
		"CubeType": "s031001"
	},
	"12": {
		"Level": 1,
		"Timming": 13.71,
		"Beat": 12,
		"CubeType": "s000201"
	},
	"13": {
		"Level": 1,
		"Timming": 14.55,
		"Beat": 13,
		"CubeType": "s031001"
	},
	"14": {
		"Level": 1,
		"Timming": 14.98,
		"Beat": 14,
		"CubeType": "s031001"
	},
	"15": {
		"Level": 1,
		"Timming": 15.4,
		"Beat": 15,
		"CubeType": "s000201"
	},
	"16": {
		"Level": 1,
		"Timming": 15.82,
		"Beat": 16,
		"CubeType": "s031001"
	},
	"17": {
		"Level": 1,
		"Timming": 16.24,
		"Beat": 17,
		"CubeType": "s031001"
	},
	"18": {
		"Level": 1,
		"Timming": 16.669999999999998,
		"Beat": 18,
		"CubeType": "s000201"
	},
	"19": {
		"Level": 1,
		"Timming": 17.09,
		"Beat": 19,
		"CubeType": "s000201"
	},
	"20": {
		"Level": 1,
		"Timming": 17.509999999999998,
		"Beat": 20,
		"CubeType": "s031001"
	},
	"21": {
		"Level": 1,
		"Timming": 17.93,
		"Beat": 21,
		"CubeType": "s031001"
	},
	"22": {
		"Level": 1,
		"Timming": 18.36,
		"Beat": 22,
		"CubeType": "s031001"
	},
	"23": {
		"Level": 1,
		"Timming": 18.78,
		"Beat": 23,
		"CubeType": "s000201"
	},
	"24": {
		"Level": 1,
		"Timming": 19.2,
		"Beat": 24,
		"CubeType": "s000901"
	},
	"25": {
		"Level": 1,
		"Timming": 19.37,
		"Beat": 25,
		"CubeType": "s000901"
	},
	"26": {
		"Level": 1,
		"Timming": 19.540000000000003,
		"Beat": 26,
		"CubeType": "s000901"
	},
	"27": {
		"Level": 1,
		"Timming": 19.710000000000004,
		"Beat": 27,
		"CubeType": "s000901"
	},
	"28": {
		"Level": 1,
		"Timming": 19.88000000000001,
		"Beat": 28,
		"CubeType": "s000901"
	},
	"29": {
		"Level": 1,
		"Timming": 20.050000000000008,
		"Beat": 29,
		"CubeType": "s000902"
	},
	"30": {
		"Level": 1,
		"Timming": 20.47,
		"Beat": 30,
		"CubeType": "s000201"
	},
	"31": {
		"Level": 1,
		"Timming": 20.889999999999997,
		"Beat": 31,
		"CubeType": "s030901"
	},
	"32": {
		"Level": 1,
		"Timming": 21.31,
		"Beat": 32,
		"CubeType": "s030901"
	},
	"33": {
		"Level": 1,
		"Timming": 22.159999999999997,
		"Beat": 33,
		"CubeType": "s000201"
	},
	"34": {
		"Level": 1,
		"Timming": 22.58,
		"Beat": 34,
		"CubeType": "s030901"
	},
	"35": {
		"Level": 1,
		"Timming": 23,
		"Beat": 35,
		"CubeType": "s030901"
	},
	"36": {
		"Level": 1,
		"Timming": 23.43,
		"Beat": 36,
		"CubeType": "s030901"
	},
	"37": {
		"Level": 1,
		"Timming": 24.27,
		"Beat": 37,
		"CubeType": "s000201"
	},
	"38": {
		"Level": 1,
		"Timming": 24.69,
		"Beat": 38,
		"CubeType": "s030901"
	},
	"39": {
		"Level": 1,
		"Timming": 25.119999999999997,
		"Beat": 39,
		"CubeType": "s030901"
	},
	"40": {
		"Level": 1,
		"Timming": 25.54,
		"Beat": 40,
		"CubeType": "s000201"
	},
	"41": {
		"Level": 1,
		"Timming": 25.959999999999997,
		"Beat": 41,
		"CubeType": "s030701"
	},
	"42": {
		"Level": 1,
		"Timming": 26.38,
		"Beat": 42,
		"CubeType": "s030701"
	},
	"43": {
		"Level": 1,
		"Timming": 26.81,
		"Beat": 43,
		"CubeType": "s030701"
	},
	"44": {
		"Level": 1,
		"Timming": 27.229999999999997,
		"Beat": 44,
		"CubeType": "s030701"
	},
	"45": {
		"Level": 1,
		"Timming": 27.65,
		"Beat": 45,
		"CubeType": "s000201"
	},
	"46": {
		"Level": 1,
		"Timming": 28.5,
		"Beat": 46,
		"CubeType": "s031001"
	},
	"47": {
		"Level": 1,
		"Timming": 28.92,
		"Beat": 47,
		"CubeType": "s000403"
	},
	"48": {
		"Level": 1,
		"Timming": 29.34,
		"Beat": 48,
		"CubeType": "s031001"
	},
	"49": {
		"Level": 1,
		"Timming": 30.19,
		"Beat": 49,
		"CubeType": "s030301"
	},
	"50": {
		"Level": 1,
		"Timming": 30.61,
		"Beat": 50,
		"CubeType": "s030301"
	},
	"51": {
		"Level": 1,
		"Timming": 31.03,
		"Beat": 51,
		"CubeType": "s000201"
	},
	"52": {
		"Level": 1,
		"Timming": 31.45,
		"Beat": 52,
		"CubeType": "s030301"
	},
	"53": {
		"Level": 1,
		"Timming": 32.300000000000004,
		"Beat": 53,
		"CubeType": "s000601"
	},
	"54": {
		"Level": 1,
		"Timming": 32.720000000000006,
		"Beat": 54,
		"CubeType": "s000901"
	},
	"55": {
		"Level": 1,
		"Timming": 32.89000000000001,
		"Beat": 55,
		"CubeType": "s000901"
	},
	"56": {
		"Level": 1,
		"Timming": 33.06000000000001,
		"Beat": 56,
		"CubeType": "s000901"
	},
	"57": {
		"Level": 1,
		"Timming": 33.23000000000001,
		"Beat": 57,
		"CubeType": "s000901"
	},
	"58": {
		"Level": 1,
		"Timming": 33.40000000000001,
		"Beat": 58,
		"CubeType": "s000901"
	},
	"59": {
		"Level": 1,
		"Timming": 33.570000000000014,
		"Beat": 59,
		"CubeType": "s000902"
	},
	"60": {
		"Level": 1,
		"Timming": 33.99,
		"Beat": 60,
		"CubeType": "s000503"
	},
	"61": {
		"Level": 1,
		"Timming": 34.830000000000005,
		"Beat": 61,
		"CubeType": "s000201"
	},
	"62": {
		"Level": 1,
		"Timming": 35.68000000000001,
		"Beat": 62,
		"CubeType": "s000201"
	},
	"63": {
		"Level": 1,
		"Timming": 36.53000000000001,
		"Beat": 63,
		"CubeType": "s000201"
	},
	"64": {
		"Level": 1,
		"Timming": 37.370000000000005,
		"Beat": 64,
		"CubeType": "s000201"
	},
	"65": {
		"Level": 1,
		"Timming": 37.790000000000006,
		"Beat": 65,
		"CubeType": "s030701"
	},
	"66": {
		"Level": 1,
		"Timming": 38.220000000000006,
		"Beat": 66,
		"CubeType": "s030701"
	},
	"67": {
		"Level": 1,
		"Timming": 38.64000000000001,
		"Beat": 67,
		"CubeType": "s000201"
	},
	"68": {
		"Level": 1,
		"Timming": 39.06,
		"Beat": 68,
		"CubeType": "s000201"
	},
	"69": {
		"Level": 1,
		"Timming": 39.48,
		"Beat": 69,
		"CubeType": "s030701"
	},
	"70": {
		"Level": 1,
		"Timming": 39.91,
		"Beat": 70,
		"CubeType": "s030701"
	},
	"71": {
		"Level": 1,
		"Timming": 40.330000000000005,
		"Beat": 71,
		"CubeType": "s030701"
	},
	"72": {
		"Level": 1,
		"Timming": 40.75000000000001,
		"Beat": 72,
		"CubeType": "s030701"
	},
	"73": {
		"Level": 1,
		"Timming": 41.17000000000001,
		"Beat": 73,
		"CubeType": "s000201"
	},
	"74": {
		"Level": 1,
		"Timming": 42.02,
		"Beat": 74,
		"CubeType": "s030901"
	},
	"75": {
		"Level": 1,
		"Timming": 42.86000000000001,
		"Beat": 75,
		"CubeType": "s000901"
	},
	"76": {
		"Level": 1,
		"Timming": 43.03000000000001,
		"Beat": 76,
		"CubeType": "s000901"
	},
	"77": {
		"Level": 1,
		"Timming": 43.20000000000001,
		"Beat": 77,
		"CubeType": "s000901"
	},
	"78": {
		"Level": 1,
		"Timming": 43.37000000000002,
		"Beat": 78,
		"CubeType": "s000901"
	},
	"79": {
		"Level": 1,
		"Timming": 43.54000000000001,
		"Beat": 79,
		"CubeType": "s000901"
	},
	"80": {
		"Level": 1,
		"Timming": 43.710000000000015,
		"Beat": 80,
		"CubeType": "s000902"
	},
	"81": {
		"Level": 1,
		"Timming": 43.06000000000001,
		"Beat": 81,
		"CubeType": "s000901"
	},
	"82": {
		"Level": 1,
		"Timming": 43.23000000000001,
		"Beat": 82,
		"CubeType": "s000901"
	},
	"83": {
		"Level": 1,
		"Timming": 43.40000000000001,
		"Beat": 83,
		"CubeType": "s000901"
	},
	"84": {
		"Level": 1,
		"Timming": 43.570000000000014,
		"Beat": 84,
		"CubeType": "s000901"
	},
	"85": {
		"Level": 1,
		"Timming": 43.740000000000016,
		"Beat": 85,
		"CubeType": "s000902"
	},
	"86": {
		"Level": 1,
		"Timming": 44.13,
		"Beat": 86,
		"CubeType": "s000201"
	},
	"87": {
		"Level": 1,
		"Timming": 44.55,
		"Beat": 87,
		"CubeType": "s030601"
	},
	"88": {
		"Level": 1,
		"Timming": 44.98,
		"Beat": 88,
		"CubeType": "s000201"
	},