{
	"1": {
		"note_uid": "s050301",
		"time": 7.45,
		"level": 1,
		"id": 1
	},
	"2": {
		"note_uid": "s050301",
		"time": 8.309999999999999,
		"level": 1,
		"id": 2
	},
	"3": {
		"note_uid": "s050301",
		"time": 9.16,
		"level": 1,
		"id": 3
	},
	"4": {
		"note_uid": "s050301",
		"time": 10.02,
		"level": 1,
		"id": 4
	},
	"5": {
		"note_uid": "s050301",
		"time": 11.739999999999998,
		"level": 1,
		"id": 5
	},
	"6": {
		"note_uid": "s050301",
		"time": 12.16,
		"level": 1,
		"id": 6
	},
	"7": {
		"note_uid": "s050601",
		"time": 12.81,
		"level": 1,
		"id": 7
	},
	"8": {
		"note_uid": "s050601",
		"time": 13.02,
		"level": 1,
		"id": 8
	},
	"9": {
		"note_uid": "s050601",
		"time": 13.34,
		"level": 1,
		"id": 9
	},
	"10": {
		"note_uid": "s050601",
		"time": 13.66,
		"level": 1,
		"id": 10
	},
	"11": {
		"note_uid": "s000601",
		"time": 13.88,
		"level": 1,
		"id": 11
	},
	"12": {
		"note_uid": "s050201",
		"time": 14.31,
		"level": 1,
		"id": 12
	},
	"13": {
		"note_uid": "s050801",
		"time": 15.16,
		"level": 1,
		"id": 13
	},
	"14": {
		"note_uid": "s050801",
		"time": 15.59,
		"level": 1,
		"id": 14
	},
	"15": {
		"note_uid": "s050801",
		"time": 16.02,
		"level": 1,
		"id": 15
	},
	"16": {
		"note_uid": "s050801",
		"time": 16.88,
		"level": 1,
		"id": 16
	},
	"17": {
		"note_uid": "s050801",
		"time": 17.31,
		"level": 1,
		"id": 17
	},
	"18": {
		"note_uid": "s050801",
		"time": 17.74,
		"level": 1,
		"id": 18
	},
	"19": {
		"note_uid": "s030401",
		"time": 18.59,
		"level": 1,
		"id": 19
	},
	"20": {
		"note_uid": "s030401",
		"time": 19.02,
		"level": 1,
		"id": 20
	},
	"21": {
		"note_uid": "s050201",
		"time": 19.45,
		"level": 1,
		"id": 21
	},
	"22": {
		"note_uid": "s030405",
		"time": 19.66,
		"level": 1,
		"id": 22
	},
	"23": {
		"note_uid": "s030401",
		"time": 20.09,
		"level": 1,
		"id": 23
	},
	"24": {
		"note_uid": "s030401",
		"time": 20.31,
		"level": 1,
		"id": 24
	},
	"25": {
		"note_uid": "s030401",
		"time": 20.74,
		"level": 1,
		"id": 25
	},
	"26": {
		"note_uid": "s030401",
		"time": 21.16,
		"level": 1,
		"id": 26
	},
	"27": {
		"note_uid": "s050601",
		"time": 22.02,
		"level": 1,
		"id": 27
	},
	"28": {
		"note_uid": "s050601",
		"time": 22.45,
		"level": 1,
		"id": 28
	},
	"29": {
		"note_uid": "s050601",
		"time": 22.88,
		"level": 1,
		"id": 29
	},
	"30": {
		"note_uid": "s050601",
		"time": 23.74,
		"level": 1,
		"id": 30
	},
	"31": {
		"note_uid": "s050601",
		"time": 24.16,
		"level": 1,
		"id": 31
	},
	"32": {
		"note_uid": "s050601",
		"time": 24.59,
		"level": 1,
		"id": 32
	},
	"33": {
		"note_uid": "s030401",
		"time": 25.44,
		"level": 1,
		"id": 33
	},
	"34": {
		"note_uid": "s030401",
		"time": 25.87,
		"level": 1,
		"id": 34
	},
	"35": {
		"note_uid": "s050201",
		"time": 26.3,
		"level": 1,
		"id": 35
	},
	"36": {
		"note_uid": "s030405",
		"time": 26.51,
		"level": 1,
		"id": 36
	},
	"37": {
		"note_uid": "s030401",
		"time": 26.94,
		"level": 1,
		"id": 37
	},
	"38": {
		"note_uid": "s030401",
		"time": 27.16,
		"level": 1,
		"id": 38
	},
	"39": {
		"note_uid": "s030401",
		"time": 27.59,
		"level": 1,
		"id": 39
	},
	"40": {
		"note_uid": "s050201",
		"time": 28.45,
		"level": 1,
		"id": 40
	},
	"41": {
		"note_uid": "s030405",
		"time": 28.66,
		"level": 1,
		"id": 41
	},
	"42": {
		"note_uid": "s030401",
		"time": 29.09,
		"level": 1,
		"id": 42
	},
	"43": {
		"note_uid": "s050601",
		"time": 30.59,
		"level": 1,
		"id": 43
	},
	"44": {
		"note_uid": "s050601",
		"time": 31.02,
		"level": 1,
		"id": 44
	},
	"45": {
		"note_uid": "s050601",
		"time": 31.45,
		"level": 1,
		"id": 45
	},
	"46": {
		"note_uid": "s030401",
		"time": 32.31,
		"level": 1,
		"id": 46
	},
	"47": {
		"note_uid": "s030401",
		"time": 32.74,
		"level": 1,
		"id": 47
	},
	"48": {
		"note_uid": "s050201",
		"time": 33.160000000000004,
		"level": 1,
		"id": 48
	},
	"49": {
		"note_uid": "s030405",
		"time": 33.38,
		"level": 1,
		"id": 49
	},
	"50": {
		"note_uid": "s030401",
		"time": 33.81,
		"level": 1,
		"id": 50
	},
	"51": {
		"note_uid": "s030401",
		"time": 34.02,
		"level": 1,
		"id": 51
	},
	"52": {
		"note_uid": "s030401",
		"time": 34.45,
		"level": 1,
		"id": 52
	},
	"53": {
		"note_uid": "s050201",
		"time": 35.31,
		"level": 1,
		"id": 53
	},
	"54": {
		"note_uid": "s030405",
		"time": 35.52,
		"level": 1,
		"id": 54
	},
	"55": {
		"note_uid": "s030401",
		"time": 35.95,
		"level": 1,
		"id": 55
	},
	"56": {
		"note_uid": "s050601",
		"time": 37.440000000000005,
		"level": 1,
		"id": 56
	},
	"57": {
		"note_uid": "s050601",
		"time": 37.870000000000005,
		"level": 1,
		"id": 57
	},
	"58": {
		"note_uid": "s050601",
		"time": 38.3,
		"level": 1,
		"id": 58
	},
	"59": {
		"note_uid": "s050301",
		"time": 39.16,
		"level": 1,
		"id": 59
	},
	"60": {
		"note_uid": "s050301",
		"time": 39.59,
		"level": 1,
		"id": 60
	},
	"61": {
		"note_uid": "s050301",
		"time": 40.02,
		"level": 1,
		"id": 61
	},
	"62": {
		"note_uid": "s050601",
		"time": 40.45,
		"level": 1,
		"id": 62
	},
	"63": {
		"note_uid": "s050601",
		"time": 40.77,
		"level": 1,
		"id": 63
	},
	"64": {
		"note_uid": "s050601",
		"time": 41.09,
		"level": 1,
		"id": 64
	},
	"65": {
		"note_uid": "s000601",
		"time": 41.31,
		"level": 1,
		"id": 65
	},
	"66": {
		"note_uid": "s050201",
		"time": 41.73,
		"level": 1,
		"id": 66
	},
	"67": {
		"note_uid": "s030401",
		"time": 42.59,
		"level": 1,
		"id": 67
	},
	"68": {
		"note_uid": "s030401",
		"time": 43.02,
		"level": 1,
		"id": 68
	},
	"69": {
		"note_uid": "s050201",
		"time": 43.45,
		"level": 1,
		"id": 69
	},
	"70": {
		"note_uid": "s030405",
		"time": 43.66,
		"level": 1,
		"id": 70
	},
	"71": {
		"note_uid": "s030401",
		"time": 44.09,
		"level": 1,
		"id": 71
	},
	"72": {
		"note_uid": "s030401",
		"time": 44.31,
		"level": 1,
		"id": 72
	},
	"73": {
		"note_uid": "s030401",
		"time": 44.74,
		"level": 1,
		"id": 73
	},
	"74": {
		"note_uid": "s030401",
		"time": 45.16,
		"level": 1,
		"id": 74
	},
	"75": {
		"note_uid": "s030401",
		"time": 46.02,
		"level": 1,
		"id": 75
	},
	"76": {
		"note_uid": "s030401",
		"time": 46.45,
		"level": 1,
		"id": 76
	},
	"77": {
		"note_uid": "s050201",
		"time": 46.88,
		"level": 1,
		"id": 77
	},
	"78": {
		"note_uid": "s030405",
		"time": 47.09,
		"level": 1,
		"id": 78
	},
	"79": {
		"note_uid": "s030401",
		"time": 47.52,
		"level": 1,
		"id": 79
	},
	"80": {
		"note_uid": "s030401",
		"time": 47.74,
		"level": 1,
		"id": 80
	},
	"81": {
		"note_uid": "s030401",
		"time": 48.16,
		"level": 1,
		"id": 81
	},
	"82": {
		"note_uid": "s030401",
		"time": 48.59,
		"level": 1,
		"id": 82
	},
	"83": {
		"note_uid": "s030401",
		"time": 49.45,
		"level": 1,
		"id": 83
	},
	"84": {
		"note_uid": "s030401",
		"time": 49.88,
		"level": 1,
		"id": 84
	},
	"85": {
		"note_uid": "s050201",
		"time": 50.31,
		"level": 1,
		"id": 85
	},
	"86": {
		"note_uid": "s030405",
		"time": 50.52,
		"level": 1,
		"id": 86
	},
	"87": {
		"note_uid": "s030401",
		"time": 50.95,
		"level": 1,
		"id": 87
	},
	"88": {
		"note_uid": "s030401",
		"time": 51.16,
		"level": 1,
		"id": 88
	},
	"89": {
		"note_uid": "s030401",
		"time": 51.59,
		"level": 1,
		"id": 89
	},
	"90": {
		"note_uid": "s030401",
		"time": 52.010000000000005,
		"level": 1,
		"id": 90
	},
	"91": {
		"note_uid": "s050601",
		"time": 52.88,
		"level": 1,
		"id": 91
	},
	"92": {
		"note_uid": "s050601",
		"time": 53.31,
		"level": 1,
		"id": 92
	},
	"93": {
		"note_uid": "s050601",
		"time": 53.74,
		"level": 1,
		"id": 93
	},
	"94": {
		"note_uid": "s050201",
		"time": 54.59,
		"level": 1,
		"id": 94
	},
	"95": {
		"note_uid": "s030405",
		"time": 54.81,
		"level": 1,
		"id": 95
	},
	"96": {
		"note_uid": "s030405",
		"time": 55.02,
		"level": 1,
		"id": 96
	},
	"97": {
		"note_uid": "s050601",
		"time": 55.45,
		"level": 1,
		"id": 97
	},
	"98": {
		"note_uid": "s050601",
		"time": 55.88,
		"level": 1,
		"id": 98
	},
	"99": {
		"note_uid": "s050601",
		"time": 56.31,
		"level": 1,
		"id": 99
	},